url,model,color,door_count,nr_seats,year,fuel_type,engine_capacity,engine_power,body_type,gearbox,transmission,mileage,new_used,has_registration,electric_power_peak,system_performance_of_hybrid_driveline_in_hp,number_engines,price,seller_type,equipment,model_trim
https://www.otomoto.pl/osobowe/oferta/toyota-c-hr-ID6J1aA1.html,C-HR,Czarny,5.0,5.0,2024,Hybryda,17983.0,140.0,SUV,Automatyczna,Na przednie koła,41200.0,Używany,Tak,95.0,140.0,1.0,119800,Autoryzowany Dealer,"[""Kamera parkowania tył"", ""Klimatyzacja automatyczna: dwustrefowa"", ""Tempomat adaptacyjny ACC""]",C-HR_Style
https://www.otomoto.pl/osobowe/oferta/toyota-corolla-ID6J2bB2.html,Corolla,Biały,5.0,5.0,2022,Hybryda,17983.0,122.0,Kombi,Automatyczna,Na przednie koła,88500.0,Używany,Tak,72.0,122.0,1.0,94200,Firma,"[""Apple CarPlay"", ""Android Auto"", ""Interfejs Bluetooth"", ""Klimatyzacja automatyczna"", ""Kierownica skórzana""]",Corolla_Comfort
https://www.otomoto.pl/osobowe/oferta/toyota-camry-ID6J3cC3.html,Camry,Srebrny,4.0,5.0,2023,Hybryda,24873.0,218.0,Sedan,Automatyczna,Na przednie koła,104300.0,Używany,Tak,,218.0,,151000,Autoryzowany Dealer,"[""Skórzana tapicerka"", ""Podgrzewane fotele"", ""System nawigacji satelitarnej"", ""Czujnik deszczu""]",Camry_Executive
https://www.otomoto.pl/osobowe/oferta/toyota-avensis-ID6J4dD4.html,Avensis,Szary,4.0,5.0,2016,Benzyna,17983.0,147.0,Sedan,Manualna,Na przednie koła,132000.0,Używany,Tak,,,,59500,Osoba prywatna,"[""Radio"", ""Klimatyzacja manualna"", ""Elektryczne szyby przednie"", ""ABS"", ""ESP""]",Avensis_Premium
https://www.otomoto.pl/osobowe/oferta/toyota-land-cruiser-ID6J5eE5.html,Land Cruiser,Czarny,5.0,5.0,2019,Diesel,27553.0,177.0,SUV,Automatyczna,4x4 (stały),118900.0,Używany,Tak,,,,198000,Firma,"[""Kamera panoramiczna 360"", ""Hak"", ""Blokada mechanizmu różnicowego"", ""Skórzana kierownica""]",Land Cruiser_Executive
https://www.otomoto.pl/osobowe/oferta/toyota-corolla-ID6J6fF6.html,Corolla,Szary,5.0,5.0,2022,Hybryda,17983.0,122.0,Kombi,Automatyczna,Na przednie koła,67400.0,Używany,Tak,72.0,122.0,1.0,73200,Firma,"[""Apple CarPlay"", ""Android Auto"", ""Interfejs Bluetooth"", ""Klimatyzacja automatyczna"", ""Kierownica skórzana""]",Corolla_Comfort
https://www.otomoto.pl/osobowe/oferta/toyota-c-hr-ID6J7gG7.html,C-HR,Srebrny,5.0,5.0,2024,Hybryda,17983.0,140.0,SUV,Automatyczna,Na przednie koła,52300.0,Używany,Tak,95.0,140.0,1.0,61500,Autoryzowany Dealer,"[""Kamera parkowania tył"", ""Klimatyzacja automatyczna: dwustrefowa"", ""Tempomat adaptacyjny ACC""]",C-HR_Style
https://www.otomoto.pl/osobowe/oferta/toyota-camry-ID6J8hH8.html,Camry,Czarny,4.0,5.0,2023,Hybryda,24873.0,218.0,Sedan,Automatyczna,Na przednie koła,79200.0,Używany,Tak,,218.0,,79500,Autoryzowany Dealer,"[""Skórzana tapicerka"", ""Podgrzewane fotele"", ""System nawigacji satelitarnej"", ""Czujnik deszczu""]",Camry_Executive
https://www.otomoto.pl/osobowe/oferta/toyota-avensis-ID6J9iI9.html,Avensis,Czerwony,4.0,5.0,2016,Benzyna,17983.0,147.0,Sedan,Manualna,Na przednie koła,154100.0,Używany,Tak,,,,60200,Osoba prywatna,"[""Radio"", ""Klimatyzacja manualna"", ""Elektryczne szyby przednie"", ""ABS"", ""ESP""]",Avensis_Premium
https://www.otomoto.pl/osobowe/oferta/toyota-land-cruiser-ID6K1aA1.html,Land Cruiser,Biały,5.0,5.0,2019,Diesel,27553.0,177.0,SUV,Automatyczna,4x4 (stały),95600.0,Używany,Tak,,,,199500,Firma,"[""Kamera panoramiczna 360"", ""Hak"", ""Blokada mechanizmu różnicowego"", ""Skórzana kierownica""]",Land Cruiser_Executive
https://www.otomoto.pl/osobowe/oferta/toyota-corolla-ID6K2bB2.html,Corolla,Niebieski,5.0,5.0,2022,Hybryda,17983.0,122.0,Kombi,Automatyczna,Na przednie koła,110400.0,Używany,Tak,72.0,122.0,1.0,93800,Firma,"[""Apple CarPlay"", ""Android Auto"", ""Interfejs Bluetooth"", ""Klimatyzacja automatyczna"", ""Kierownica skórzana""]",Corolla_Comfort
https://www.otomoto.pl/osobowe/oferta/toyota-c-hr-ID6K3cC3.html,C-HR,Niebieski,5.0,5.0,2024,Hybryda,17983.0,140.0,SUV,Automatyczna,Na przednie koła,61100.0,Używany,Tak,95.0,140.0,1.0,93600,Autoryzowany Dealer,"[""Kamera parkowania tył"", ""Klimatyzacja automatyczna: dwustrefowa"", ""Tempomat adaptacyjny ACC""]",C-HR_Style
https://www.otomoto.pl/osobowe/oferta/toyota-camry-ID6K4dD4.html,Camry,Szary,4.0,5.0,2023,Hybryda,24873.0,218.0,Sedan,Automatyczna,Na przednie koła,121800.0,Używany,Tak,,218.0,,72400,Autoryzowany Dealer,"[""Skórzana tapicerka"", ""Podgrzewane fotele"", ""System nawigacji satelitarnej"", ""Czujnik deszczu""]",Camry_Executive
https://www.otomoto.pl/osobowe/oferta/toyota-avensis-ID6K5eE5.html,Avensis,Niebieski,4.0,5.0,2016,Benzyna,17983.0,147.0,Sedan,Manualna,Na przednie koła,126700.0,Używany,Tak,,,,58900,Osoba prywatna,"[""Radio"", ""Klimatyzacja manualna"", ""Elektryczne szyby przednie"", ""ABS"", ""ESP""]",Avensis_Premium
https://www.otomoto.pl/osobowe/oferta/toyota-land-cruiser-ID6K6fF6.html,Land Cruiser,Srebrny,5.0,5.0,2019,Diesel,27553.0,177.0,SUV,Automatyczna,4x4 (stały),142500.0,Używany,Tak,,,,153000,Firma,"[""Kamera panoramiczna 360"", ""Hak"", ""Blokada mechanizmu różnicowego"", ""Skórzana kierownica""]",Land Cruiser_Executive
https://www.otomoto.pl/osobowe/oferta/toyota-corolla-ID6K7gG7.html,Corolla,Czerwony,5.0,5.0,2022,Hybryda,17983.0,122.0,Kombi,Automatyczna,Na przednie koła,49600.0,Używany,Tak,72.0,122.0,1.0,95500,Firma,"[""Apple CarPlay"", ""Android Auto"", ""Interfejs Bluetooth"", ""Klimatyzacja automatyczna"", ""Kierownica skórzana""]",Corolla_Comfort
https://www.otomoto.pl/osobowe/oferta/toyota-c-hr-ID6K8hH8.html,C-HR,Biały,5.0,5.0,2024,Hybryda,17983.0,140.0,SUV,Automatyczna,Na przednie koła,38900.0,Używany,Tak,95.0,140.0,1.0,122000,Autoryzowany Dealer,"[""Kamera parkowania tył"", ""Klimatyzacja automatyczna: dwustrefowa"", ""Tempomat adaptacyjny ACC""]",C-HR_Style
https://www.otomoto.pl/osobowe/oferta/toyota-camry-ID6K9iI9.html,Camry,Brązowy,4.0,5.0,2023,Hybryda,24873.0,218.0,Sedan,Automatyczna,Na przednie koła,64300.0,Używany,Tak,,218.0,,148700,Autoryzowany Dealer,"[""Skórzana tapicerka"", ""Podgrzewane fotele"", ""System nawigacji satelitarnej"", ""Czujnik deszczu""]",Camry_Executive
https://www.otomoto.pl/osobowe/oferta/toyota-avensis-ID6L1aA1.html,Avensis,Czarny,4.0,5.0,2016,Benzyna,17983.0,147.0,Sedan,Manualna,Na przednie koła,168900.0,Używany,Tak,,,,45900,Osoba prywatna,"[""Radio"", ""Klimatyzacja manualna"", ""Elektryczne szyby przednie"", ""ABS"", ""ESP""]",Avensis_Premium
https://www.otomoto.pl/osobowe/oferta/toyota-land-cruiser-ID6L2bB2.html,Land Cruiser,Brązowy,5.0,5.0,2019,Diesel,27553.0,177.0,SUV,Automatyczna,4x4 (stały),87200.0,Używany,Tak,,,,201200,Firma,"[""Kamera panoramiczna 360"", ""Hak"", ""Blokada mechanizmu różnicowego"", ""Skórzana kierownica""]",Land Cruiser_Executive
https://www.otomoto.pl/osobowe/oferta/toyota-corolla-ID6L3cC3.html,Corolla,Szary,5.0,5.0,2022,Hybryda,17983.0,122.0,Kombi,Automatyczna,Na przednie koła,123400.0,Używany,Tak,72.0,122.0,1.0,93900,Firma,"[""Apple CarPlay"", ""Android Auto"", ""Interfejs Bluetooth"", ""Klimatyzacja automatyczna"", ""Kierownica skórzana""]",Corolla_Comfort
https://www.otomoto.pl/osobowe/oferta/toyota-c-hr-ID6L4dD4.html,C-HR,Czerwony,5.0,5.0,2024,Hybryda,17983.0,140.0,SUV,Automatyczna,Na przednie koła,72800.0,Używany,Tak,95.0,140.0,1.0,120500,Autoryzowany Dealer,"[""Kamera parkowania tył"", ""Klimatyzacja automatyczna: dwustrefowa"", ""Tempomat adaptacyjny ACC""]",C-HR_Style
https://www.otomoto.pl/osobowe/oferta/toyota-camry-ID6L5eE5.html,Camry,Niebieski,4.0,5.0,2023,Hybryda,24873.0,218.0,Sedan,Automatyczna,Na przednie koła,91500.0,Używany,Tak,,218.0,,115500,Autoryzowany Dealer,"[""Skórzana tapicerka"", ""Podgrzewane fotele"", ""System nawigacji satelitarnej"", ""Czujnik deszczu""]",Camry_Executive
https://www.otomoto.pl/osobowe/oferta/toyota-avensis-ID6L6fF6.html,Avensis,Biały,4.0,5.0,2016,Benzyna,17983.0,147.0,Sedan,Manualna,Na przednie koła,94500.0,Używany,Tak,,,,60800,Osoba prywatna,"[""Radio"", ""Klimatyzacja manualna"", ""Elektryczne szyby przednie"", ""ABS"", ""ESP""]",Avensis_Premium
https://www.otomoto.pl/osobowe/oferta/toyota-land-cruiser-ID6L7gG7.html,Land Cruiser,Szary,5.0,5.0,2019,Diesel,27553.0,177.0,SUV,Automatyczna,4x4 (stały),108300.0,Używany,Tak,,,,198400,Firma,"[""Kamera panoramiczna 360"", ""Hak"", ""Blokada mechanizmu różnicowego"", ""Skórzana kierownica""]",Land Cruiser_Executive
https://www.otomoto.pl/osobowe/oferta/toyota-corolla-ID6L8hH8.html,Corolla,Biały,5.0,5.0,2022,Hybryda,17983.0,122.0,Kombi,Automatyczna,Na przednie koła,54100.0,Używany,Tak,72.0,122.0,1.0,96200,Firma,"[""Apple CarPlay"", ""Android Auto"", ""Interfejs Bluetooth"", ""Klimatyzacja automatyczna"", ""Kierownica skórzana""]",Corolla_Comfort
https://www.otomoto.pl/osobowe/oferta/toyota-c-hr-ID6L9iI9.html,C-HR,Szary,5.0,5.0,2024,Hybryda,17983.0,140.0,SUV,Automatyczna,Na przednie koła,83900.0,Używany,Tak,95.0,140.0,1.0,119200,Autoryzowany Dealer,"[""Kamera parkowania tył"", ""Klimatyzacja automatyczna: dwustrefowa"", ""Tempomat adaptacyjny ACC""]",C-HR_Style
https://www.otomoto.pl/osobowe/oferta/toyota-camry-ID6M1aA1.html,Camry,Biały,4.0,5.0,2023,Hybryda,24873.0,218.0,Sedan,Automatyczna,Na przednie koła,112400.0,Używany,Tak,,218.0,,150200,Autoryzowany Dealer,"[""Skórzana tapicerka"", ""Podgrzewane fotele"", ""System nawigacji satelitarnej"", ""Czujnik deszczu""]",Camry_Executive
https://www.otomoto.pl/osobowe/oferta/toyota-avensis-ID6M2bB2.html,Avensis,Srebrny,4.0,5.0,2016,Benzyna,17983.0,147.0,Sedan,Manualna,Na przednie koła,146200.0,Używany,Tak,,,,59200,Osoba prywatna,"[""Radio"", ""Klimatyzacja manualna"", ""Elektryczne szyby przednie"", ""ABS"", ""ESP""]",Avensis_Premium
https://www.otomoto.pl/osobowe/oferta/toyota-land-cruiser-ID6M3cC3.html,Land Cruiser,Niebieski,5.0,5.0,2019,Diesel,27553.0,177.0,SUV,Automatyczna,4x4 (stały),133700.0,Używany,Tak,,,,196300,Firma,"[""Kamera panoramiczna 360"", ""Hak"", ""Blokada mechanizmu różnicowego"", ""Skórzana kierownica""]",Land Cruiser_Executive
https://www.otomoto.pl/osobowe/oferta/toyota-corolla-ID6M4dD4.html,Corolla,Srebrny,5.0,5.0,2022,Hybryda,17983.0,122.0,Kombi,Automatyczna,Na przednie koła,138900.0,Używany,Tak,72.0,122.0,1.0,74100,Firma,"[""Apple CarPlay"", ""Android Auto"", ""Interfejs Bluetooth"", ""Klimatyzacja automatyczna"", ""Kierownica skórzana""]",Corolla_Comfort
https://www.otomoto.pl/osobowe/oferta/toyota-c-hr-ID6M5eE5.html,C-HR,Czarny,5.0,5.0,2024,Hybryda,17983.0,140.0,SUV,Automatyczna,Na przednie koła,98400.0,Używany,Tak,95.0,140.0,1.0,118400,Autoryzowany Dealer,"[""Kamera parkowania tył"", ""Klimatyzacja automatyczna: dwustrefowa"", ""Tempomat adaptacyjny ACC""]",C-HR_Style
https://www.otomoto.pl/osobowe/oferta/toyota-camry-ID6M6fF6.html,Camry,Srebrny,4.0,5.0,2023,Hybryda,24873.0,218.0,Sedan,Automatyczna,Na przednie koła,73600.0,Używany,Tak,,218.0,,152700,Autoryzowany Dealer,"[""Skórzana tapicerka"", ""Podgrzewane fotele"", ""System nawigacji satelitarnej"", ""Czujnik deszczu""]",Camry_Executive
https://www.otomoto.pl/osobowe/oferta/toyota-avensis-ID6M7gG7.html,Avensis,Szary,4.0,5.0,2016,Benzyna,17983.0,147.0,Sedan,Manualna,Na przednie koła,115800.0,Używany,Tak,,,,46500,Osoba prywatna,"[""Radio"", ""Klimatyzacja manualna"", ""Elektryczne szyby przednie"", ""ABS"", ""ESP""]",Avensis_Premium
https://www.otomoto.pl/osobowe/oferta/toyota-land-cruiser-ID6M8hH8.html,Land Cruiser,Czarny,5.0,5.0,2019,Diesel,27553.0,177.0,SUV,Automatyczna,4x4 (stały),57900.0,Używany,Tak,,,,103800,Firma,"[""Kamera panoramiczna 360"", ""Hak"", ""Blokada mechanizmu różnicowego"", ""Skórzana kierownica""]",Land Cruiser_Executive
https://www.otomoto.pl/osobowe/oferta/toyota-corolla-ID6M9iI9.html,Corolla,Niebieski,5.0,5.0,2022,Hybryda,17983.0,122.0,Kombi,Automatyczna,Na przednie koła,82700.0,Używany,Tak,72.0,122.0,1.0,94900,Firma,"[""Apple CarPlay"", ""Android Auto"", ""Interfejs Bluetooth"", ""Klimatyzacja automatyczna"", ""Kierownica skórzana""]",Corolla_Comfort
https://www.otomoto.pl/osobowe/oferta/toyota-c-hr-ID6N1aA1.html,C-HR,Brązowy,5.0,5.0,2024,Hybryda,17983.0,140.0,SUV,Automatyczna,Na przednie koła,46500.0,Używany,Tak,95.0,140.0,1.0,121800,Autoryzowany Dealer,"[""Kamera parkowania tył"", ""Klimatyzacja automatyczna: dwustrefowa"", ""Tempomat adaptacyjny ACC""]",C-HR_Style
https://www.otomoto.pl/osobowe/oferta/toyota-camry-ID6N2bB2.html,Camry,Czarny,4.0,5.0,2023,Hybryda,24873.0,218.0,Sedan,Automatyczna,Na przednie koła,136200.0,Używany,Tak,,218.0,,149900,Autoryzowany Dealer,"[""Skórzana tapicerka"", ""Podgrzewane fotele"", ""System nawigacji satelitarnej"", ""Czujnik deszczu""]",Camry_Executive
https://www.otomoto.pl/osobowe/oferta/toyota-avensis-ID6N3cC3.html,Avensis,Czarny,4.0,5.0,2016,Benzyna,17983.0,147.0,Sedan,Manualna,Na przednie koła,82300.0,Używany,Tak,,,,60700,Osoba prywatna,"[""Radio"", ""Klimatyzacja manualna"", ""Elektryczne szyby przednie"", ""ABS"", ""ESP""]",Avensis_Premium
https://www.otomoto.pl/osobowe/oferta/toyota-land-cruiser-ID6N4dD4.html,Land Cruiser,Biały,5.0,5.0,2019,Diesel,27553.0,177.0,SUV,Automatyczna,4x4 (stały),124600.0,Używany,Tak,,,,154800,Firma,"[""Kamera panoramiczna 360"", ""Hak"", ""Blokada mechanizmu różnicowego"", ""Skórzana kierownica""]",Land Cruiser_Executive
https://www.otomoto.pl/osobowe/oferta/toyota-corolla-ID6N5eE5.html,Corolla,Czarny,5.0,5.0,2022,Hybryda,17983.0,122.0,Kombi,Automatyczna,Na przednie koła,102800.0,Używany,Tak,72.0,122.0,1.0,93600,Firma,"[""Apple CarPlay"", ""Android Auto"", ""Interfejs Bluetooth"", ""Klimatyzacja automatyczna"", ""Kierownica skórzana""]",Corolla_Comfort
https://www.otomoto.pl/osobowe/oferta/toyota-c-hr-ID6N6fF6.html,C-HR,Biały,5.0,5.0,2024,Hybryda,17983.0,140.0,SUV,Automatyczna,Na przednie koła,69100.0,Używany,Tak,95.0,140.0,1.0,92800,Autoryzowany Dealer,"[""Kamera parkowania tył"", ""Klimatyzacja automatyczna: dwustrefowa"", ""Tempomat adaptacyjny ACC""]",C-HR_Style
https://www.otomoto.pl/osobowe/oferta/toyota-camry-ID6N7gG7.html,Camry,Szary,4.0,5.0,2023,Hybryda,24873.0,218.0,Sedan,Automatyczna,Na przednie koła,84700.0,Używany,Tak,,218.0,,153500,Autoryzowany Dealer,"[""Skórzana tapicerka"", ""Podgrzewane fotele"", ""System nawigacji satelitarnej"", ""Czujnik deszczu""]",Camry_Executive
https://www.otomoto.pl/osobowe/oferta/toyota-avensis-ID6N8hH8.html,Avensis,Czerwony,4.0,5.0,2016,Benzyna,17983.0,147.0,Sedan,Manualna,Na przednie koła,177400.0,Używany,Tak,,,,58800,Osoba prywatna,"[""Radio"", ""Klimatyzacja manualna"", ""Elektryczne szyby przednie"", ""ABS"", ""ESP""]",Avensis_Premium
https://www.otomoto.pl/osobowe/oferta/toyota-land-cruiser-ID6N9iI9.html,Land Cruiser,Srebrny,5.0,5.0,2019,Diesel,27553.0,177.0,SUV,Automatyczna,4x4 (stały),73200.0,Używany,Tak,,,,197800,Firma,"[""Kamera panoramiczna 360"", ""Hak"", ""Blokada mechanizmu różnicowego"", ""Skórzana kierownica""]",Land Cruiser_Executive
https://www.otomoto.pl/osobowe/oferta/toyota-corolla-ID6O1aA1.html,Corolla,Szary,5.0,5.0,2022,Hybryda,17983.0,122.0,Kombi,Automatyczna,Na przednie koła,31500.0,Używany,Tak,72.0,122.0,1.0,96700,Firma,"[""Apple CarPlay"", ""Android Auto"", ""Interfejs Bluetooth"", ""Klimatyzacja automatyczna"", ""Kierownica skórzana""]",Corolla_Comfort
https://www.otomoto.pl/osobowe/oferta/toyota-c-hr-ID6O2bB2.html,C-HR,Srebrny,5.0,5.0,2024,Hybryda,17983.0,140.0,SUV,Automatyczna,Na przednie koła,88300.0,Używany,Tak,95.0,140.0,1.0,121000,Autoryzowany Dealer,"[""Kamera parkowania tył"", ""Klimatyzacja automatyczna: dwustrefowa"", ""Tempomat adaptacyjny ACC""]",C-HR_Style
https://www.otomoto.pl/osobowe/oferta/toyota-camry-ID6O3cC3.html,Camry,Brązowy,4.0,5.0,2023,Hybryda,24873.0,218.0,Sedan,Automatyczna,Na przednie koła,102900.0,Używany,Tak,,218.0,,116000,Autoryzowany Dealer,"[""Skórzana tapicerka"", ""Podgrzewane fotele"", ""System nawigacji satelitarnej"", ""Czujnik deszczu""]",Camry_Executive
https://www.otomoto.pl/osobowe/oferta/toyota-avensis-ID6O4dD4.html,Avensis,Biały,4.0,5.0,2016,Benzyna,17983.0,147.0,Sedan,Manualna,Na przednie koła,139800.0,Używany,Tak,,,,60100,Osoba prywatna,"[""Radio"", ""Klimatyzacja manualna"", ""Elektryczne szyby przednie"", ""ABS"", ""ESP""]",Avensis_Premium
https://www.otomoto.pl/osobowe/oferta/toyota-land-cruiser-ID6O5eE5.html,Land Cruiser,Szary,5.0,5.0,2019,Diesel,27553.0,177.0,SUV,Automatyczna,4x4 (stały),156800.0,Używany,Tak,,,,152800,Firma,"[""Kamera panoramiczna 360"", ""Hak"", ""Blokada mechanizmu różnicowego"", ""Skórzana kierownica""]",Land Cruiser_Executive
https://www.otomoto.pl/osobowe/oferta/toyota-corolla-ID6O6fF6.html,Corolla,Biały,5.0,5.0,2022,Hybryda,17983.0,122.0,Kombi,Automatyczna,Na przednie koła,91200.0,Używany,Tak,72.0,122.0,1.0,94500,Firma,"[""Apple CarPlay"", ""Android Auto"", ""Interfejs Bluetooth"", ""Klimatyzacja automatyczna"", ""Kierownica skórzana""]",Corolla_Comfort
https://www.otomoto.pl/osobowe/oferta/toyota-c-hr-ID6O7gG7.html,C-HR,Niebieski,5.0,5.0,2024,Hybryda,17983.0,140.0,SUV,Automatyczna,Na przednie koła,58400.0,Używany,Tak,95.0,140.0,1.0,119900,Autoryzowany Dealer,"[""Kamera parkowania tył"", ""Klimatyzacja automatyczna: dwustrefowa"", ""Tempomat adaptacyjny ACC""]",C-HR_Style
https://www.otomoto.pl/osobowe/oferta/toyota-camry-ID6O8hH8.html,Camry,Srebrny,4.0,5.0,2023,Hybryda,24873.0,218.0,Sedan,Automatyczna,Na przednie koła,66700.0,Używany,Tak,,218.0,,111800,Autoryzowany Dealer,"[""Skórzana tapicerka"", ""Podgrzewane fotele"", ""System nawigacji satelitarnej"", ""Czujnik deszczu""]",Camry_Executive
https://www.otomoto.pl/osobowe/oferta/toyota-avensis-ID6O9iI9.html,Avensis,Szary,4.0,5.0,2016,Benzyna,17983.0,147.0,Sedan,Manualna,Na przednie koła,109300.0,Używany,Tak,,,,59700,Osoba prywatna,"[""Radio"", ""Klimatyzacja manualna"", ""Elektryczne szyby przednie"", ""ABS"", ""ESP""]",Avensis_Premium
https://www.otomoto.pl/osobowe/oferta/toyota-land-cruiser-ID6P1aA1.html,Land Cruiser,Biały,5.0,5.0,2019,Diesel,27553.0,177.0,SUV,Automatyczna,4x4 (stały),111500.0,Używany,Tak,,,,199900,Firma,"[""Kamera panoramiczna 360"", ""Hak"", ""Blokada mechanizmu różnicowego"", ""Skórzana kierownica""]",Land Cruiser_Executive
https://www.otomoto.pl/osobowe/oferta/toyota-corolla-ID6P2bB2.html,Corolla,Niebieski,5.0,5.0,2022,Hybryda,17983.0,122.0,Kombi,Automatyczna,Na przednie koła,78900.0,Używany,Tak,72.0,122.0,1.0,73900,Firma,"[""Apple CarPlay"", ""Android Auto"", ""Interfejs Bluetooth"", ""Klimatyzacja automatyczna"", ""Kierownica skórzana""]",Corolla_Comfort
https://www.otomoto.pl/osobowe/oferta/toyota-c-hr-ID6P3cC3.html,C-HR,Czerwony,5.0,5.0,2024,Hybryda,17983.0,140.0,SUV,Automatyczna,Na przednie koła,104800.0,Używany,Tak,95.0,140.0,1.0,120200,Autoryzowany Dealer,"[""Kamera parkowania tył"", ""Klimatyzacja automatyczna: dwustrefowa"", ""Tempomat adaptacyjny ACC""]",C-HR_Style
https://www.otomoto.pl/osobowe/oferta/toyota-camry-ID6P4dD4.html,Camry,Biały,4.0,5.0,2023,Hybryda,24873.0,218.0,Sedan,Automatyczna,Na przednie koła,127300.0,Używany,Tak,,218.0,,128900,Autoryzowany Dealer,"[""Skórzana tapicerka"", ""Podgrzewane fotele"", ""System nawigacji satelitarnej"", ""Czujnik deszczu""]",Camry_Executive
https://www.otomoto.pl/osobowe/oferta/toyota-avensis-ID6P5eE5.html,Avensis,Srebrny,4.0,5.0,2016,Benzyna,17983.0,147.0,Sedan,Manualna,Na przednie koła,158600.0,Używany,Tak,,,,46100,Osoba prywatna,"[""Radio"", ""Klimatyzacja manualna"", ""Elektryczne szyby przednie"", ""ABS"", ""ESP""]",Avensis_Premium
https://www.otomoto.pl/osobowe/oferta/toyota-land-cruiser-ID6P6fF6.html,Land Cruiser,Czarny,5.0,5.0,2019,Diesel,27553.0,177.0,SUV,Automatyczna,4x4 (stały),64700.0,Używany,Tak,,,,204500,Firma,"[""Kamera panoramiczna 360"", ""Hak"", ""Blokada mechanizmu różnicowego"", ""Skórzana kierownica""]",Land Cruiser_Executive
https://www.otomoto.pl/osobowe/oferta/toyota-corolla-ID6P7gG7.html,Corolla,Srebrny,5.0,5.0,2022,Hybryda,17983.0,122.0,Kombi,Automatyczna,Na przednie koła,115200.0,Używany,Tak,72.0,122.0,1.0,94100,Firma,"[""Apple CarPlay"", ""Android Auto"", ""Interfejs Bluetooth"", ""Klimatyzacja automatyczna"", ""Kierownica skórzana""]",Corolla_Comfort
https://www.otomoto.pl/osobowe/oferta/toyota-c-hr-ID6P8hH8.html,C-HR,Czarny,5.0,5.0,2024,Hybryda,17983.0,140.0,SUV,Automatyczna,Na przednie koła,47100.0,Używany,Tak,95.0,140.0,1.0,122200,Autoryzowany Dealer,"[""Kamera parkowania tył"", ""Klimatyzacja automatyczna: dwustrefowa"", ""Tempomat adaptacyjny ACC""]",C-HR_Style
https://www.otomoto.pl/osobowe/oferta/toyota-camry-ID6P9iI9.html,Camry,Czarny,4.0,5.0,2023,Hybryda,24873.0,218.0,Sedan,Automatyczna,Na przednie koła,88900.0,Używany,Tak,,218.0,,112100,Autoryzowany Dealer,"[""Skórzana tapicerka"", ""Podgrzewane fotele"", ""System nawigacji satelitarnej"", ""Czujnik deszczu""]",Camry_Executive
https://www.otomoto.pl/osobowe/oferta/toyota-avensis-ID6Q1aA1.html,Avensis,Czarny,4.0,5.0,2016,Benzyna,17983.0,147.0,Sedan,Manualna,Na przednie koła,121500.0,Używany,Tak,,,,60600,Osoba prywatna,"[""Radio"", ""Klimatyzacja manualna"", ""Elektryczne szyby przednie"", ""ABS"", ""ESP""]",Avensis_Premium
https://www.otomoto.pl/osobowe/oferta/toyota-land-cruiser-ID6Q2bB2.html,Land Cruiser,Brązowy,5.0,5.0,2019,Diesel,27553.0,177.0,SUV,Automatyczna,4x4 (stały),148200.0,Używany,Tak,,,,153500,Firma,"[""Kamera panoramiczna 360"", ""Hak"", ""Blokada mechanizmu różnicowego"", ""Skórzana kierownica""]",Land Cruiser_Executive
https://www.otomoto.pl/osobowe/oferta/toyota-corolla-ID6Q3cC3.html,Corolla,Szary,5.0,5.0,2022,Hybryda,17983.0,122.0,Kombi,Automatyczna,Na przednie koła,96300.0,Używany,Tak,72.0,122.0,1.0,95800,Firma,"[""Apple CarPlay"", ""Android Auto"", ""Interfejs Bluetooth"", ""Klimatyzacja automatyczna"", ""Kierownica skórzana""]",Corolla_Comfort
https://www.otomoto.pl/osobowe/oferta/toyota-c-hr-ID6Q4dD4.html,C-HR,Szary,5.0,5.0,2024,Hybryda,17983.0,140.0,SUV,Automatyczna,Na przednie koła,81700.0,Używany,Tak,95.0,140.0,1.0,91900,Autoryzowany Dealer,"[""Kamera parkowania tył"", ""Klimatyzacja automatyczna: dwustrefowa"", ""Tempomat adaptacyjny ACC""]",C-HR_Style
https://www.otomoto.pl/osobowe/oferta/toyota-camry-ID6Q5eE5.html,Camry,Szary,4.0,5.0,2023,Hybryda,24873.0,218.0,Sedan,Automatyczna,Na przednie koła,119400.0,Używany,Tak,,218.0,,150800,Autoryzowany Dealer,"[""Skórzana tapicerka"", ""Podgrzewane fotele"", ""System nawigacji satelitarnej"", ""Czujnik deszczu""]",Camry_Executive
https://www.otomoto.pl/osobowe/oferta/toyota-avensis-ID6Q6fF6.html,Avensis,Szary,4.0,5.0,2016,Benzyna,17983.0,147.0,Sedan,Manualna,Na przednie koła,162300.0,Używany,Tak,,,,59100,Osoba prywatna,"[""Radio"", ""Klimatyzacja manualna"", ""Elektryczne szyby przednie"", ""ABS"", ""ESP""]",Avensis_Premium
https://www.otomoto.pl/osobowe/oferta/toyota-land-cruiser-ID6Q7gG7.html,Land Cruiser,Szary,5.0,5.0,2019,Diesel,27553.0,177.0,SUV,Automatyczna,4x4 (stały),89100.0,Używany,Tak,,,,199200,Firma,"[""Kamera panoramiczna 360"", ""Hak"", ""Blokada mechanizmu różnicowego"", ""Skórzana kierownica""]",Land Cruiser_Executive
https://www.otomoto.pl/osobowe/oferta/toyota-corolla-ID6Q8hH8.html,Corolla,Biały,5.0,5.0,2022,Hybryda,17983.0,122.0,Kombi,Automatyczna,Na przednie koła,43800.0,Używany,Tak,72.0,122.0,1.0,96400,Firma,"[""Apple CarPlay"", ""Android Auto"", ""Interfejs Bluetooth"", ""Klimatyzacja automatyczna"", ""Kierownica skórzana""]",Corolla_Comfort
https://www.otomoto.pl/osobowe/oferta/toyota-c-hr-ID6Q9iI9.html,C-HR,Niebieski,5.0,5.0,2024,Hybryda,17983.0,140.0,SUV,Automatyczna,Na przednie koła,73400.0,Używany,Tak,95.0,140.0,1.0,61100,Autoryzowany Dealer,"[""Kamera parkowania tył"", ""Klimatyzacja automatyczna: dwustrefowa"", ""Tempomat adaptacyjny ACC""]",C-HR_Style
https://www.otomoto.pl/osobowe/oferta/toyota-camry-ID6R1aA1.html,Camry,Niebieski,4.0,5.0,2023,Hybryda,24873.0,218.0,Sedan,Automatyczna,Na przednie koła,98200.0,Używany,Tak,,218.0,,105000,Autoryzowany Dealer,"[""Skórzana tapicerka"", ""Podgrzewane fotele"", ""System nawigacji satelitarnej"", ""Czujnik deszczu""]",Camry_Executive
https://www.otomoto.pl/osobowe/oferta/toyota-avensis-ID6R2bB2.html,Avensis,Czerwony,4.0,5.0,2016,Benzyna,17983.0,147.0,Sedan,Manualna,Na przednie koła,134700.0,Używany,Tak,,,,58600,Osoba prywatna,"[""Radio"", ""Klimatyzacja manualna"", ""Elektryczne szyby przednie"", ""ABS"", ""ESP""]",Avensis_Premium
https://www.otomoto.pl/osobowe/oferta/toyota-land-cruiser-ID6R3cC3.html,Land Cruiser,Srebrny,5.0,5.0,2019,Diesel,27553.0,177.0,SUV,Automatyczna,4x4 (stały),116400.0,Używany,Tak,,,,203100,Firma,"[""Kamera panoramiczna 360"", ""Hak"", ""Blokada mechanizmu różnicowego"", ""Skórzana kierownica""]",Land Cruiser_Executive
https://www.otomoto.pl/osobowe/oferta/toyota-corolla-ID6R4dD4.html,Corolla,Niebieski,5.0,5.0,2022,Hybryda,17983.0,122.0,Kombi,Automatyczna,Na przednie koła,107100.0,Używany,Tak,72.0,122.0,1.0,94700,Firma,"[""Apple CarPlay"", ""Android Auto"", ""Interfejs Bluetooth"", ""Klimatyzacja automatyczna"", ""Kierownica skórzana""]",Corolla_Comfort
https://www.otomoto.pl/osobowe/oferta/toyota-c-hr-ID6R5eE5.html,C-HR,Srebrny,5.0,5.0,2024,Hybryda,17983.0,140.0,SUV,Automatyczna,Na przednie koła,56200.0,Używany,Tak,95.0,140.0,1.0,119500,Autoryzowany Dealer,"[""Kamera parkowania tył"", ""Klimatyzacja automatyczna: dwustrefowa"", ""Tempomat adaptacyjny ACC""]",C-HR_Style
https://www.otomoto.pl/osobowe/oferta/toyota-camry-ID6R6fF6.html,Camry,Srebrny,4.0,5.0,2023,Hybryda,24873.0,218.0,Sedan,Automatyczna,Na przednie koła,141600.0,Używany,Tak,,218.0,,113000,Autoryzowany Dealer,"[""Skórzana tapicerka"", ""Podgrzewane fotele"", ""System nawigacji satelitarnej"", ""Czujnik deszczu""]",Camry_Executive
https://www.otomoto.pl/osobowe/oferta/toyota-avensis-ID6R7gG7.html,Avensis,Srebrny,4.0,5.0,2016,Benzyna,17983.0,147.0,Sedan,Manualna,Na przednie koła,105300.0,Używany,Tak,,,,46800,Osoba prywatna,"[""Radio"", ""Klimatyzacja manualna"", ""Elektryczne szyby przednie"", ""ABS"", ""ESP""]",Avensis_Premium
https://www.otomoto.pl/osobowe/oferta/toyota-land-cruiser-ID6R8hH8.html,Land Cruiser,Biały,5.0,5.0,2019,Diesel,27553.0,177.0,SUV,Automatyczna,4x4 (stały),102700.0,Używany,Tak,,,,197200,Firma,"[""Kamera panoramiczna 360"", ""Hak"", ""Blokada mechanizmu różnicowego"", ""Skórzana kierownica""]",Land Cruiser_Executive
https://www.otomoto.pl/osobowe/oferta/toyota-corolla-ID6R9iI9.html,Corolla,Czerwony,5.0,5.0,2022,Hybryda,17983.0,122.0,Kombi,Automatyczna,Na przednie koła,73800.0,Używany,Tak,72.0,122.0,1.0,73800,Firma,"[""Apple CarPlay"", ""Android Auto"", ""Interfejs Bluetooth"", ""Klimatyzacja automatyczna"", ""Kierownica skórzana""]",Corolla_Comfort
https://www.otomoto.pl/osobowe/oferta/toyota-c-hr-ID6S1aA1.html,C-HR,Czerwony,5.0,5.0,2024,Hybryda,17983.0,140.0,SUV,Automatyczna,Na przednie koła,31900.0,Używany,Tak,95.0,140.0,1.0,122800,Autoryzowany Dealer,"[""Kamera parkowania tył"", ""Klimatyzacja automatyczna: dwustrefowa"", ""Tempomat adaptacyjny ACC""]",C-HR_Style
https://www.otomoto.pl/osobowe/oferta/toyota-camry-ID6S2bB2.html,Camry,Brązowy,4.0,5.0,2023,Hybryda,24873.0,218.0,Sedan,Automatyczna,Na przednie koła,86400.0,Używany,Tak,,218.0,,119300,Autoryzowany Dealer,"[""Skórzana tapicerka"", ""Podgrzewane fotele"", ""System nawigacji satelitarnej"", ""Czujnik deszczu""]",Camry_Executive
https://www.otomoto.pl/osobowe/oferta/toyota-avensis-ID6S3cC3.html,Avensis,Biały,4.0,5.0,2016,Benzyna,17983.0,147.0,Sedan,Manualna,Na przednie koła,149800.0,Używany,Tak,,,,60400,Osoba prywatna,"[""Radio"", ""Klimatyzacja manualna"", ""Elektryczne szyby przednie"", ""ABS"", ""ESP""]",Avensis_Premium
https://www.otomoto.pl/osobowe/oferta/toyota-land-cruiser-ID6S4dD4.html,Land Cruiser,Niebieski,5.0,5.0,2019,Diesel,27553.0,177.0,SUV,Automatyczna,4x4 (stały),127100.0,Używany,Tak,,,,200800,Firma,"[""Kamera panoramiczna 360"", ""Hak"", ""Blokada mechanizmu różnicowego"", ""Skórzana kierownica""]",Land Cruiser_Executive
https://www.otomoto.pl/osobowe/oferta/toyota-corolla-ID6S5eE5.html,Corolla,Szary,5.0,5.0,2022,Hybryda,17983.0,122.0,Kombi,Automatyczna,Na przednie koła,61400.0,Używany,Tak,72.0,122.0,1.0,95100,Firma,"[""Apple CarPlay"", ""Android Auto"", ""Interfejs Bluetooth"", ""Klimatyzacja automatyczna"", ""Kierownica skórzana""]",Corolla_Comfort
https://www.otomoto.pl/osobowe/oferta/toyota-c-hr-ID6S6fF6.html,C-HR,Biały,5.0,5.0,2024,Hybryda,17983.0,140.0,SUV,Automatyczna,Na przednie koła,95200.0,Używany,Tak,95.0,140.0,1.0,118700,Autoryzowany Dealer,"[""Kamera parkowania tył"", ""Klimatyzacja automatyczna: dwustrefowa"", ""Tempomat adaptacyjny ACC""]",C-HR_Style
https://www.otomoto.pl/osobowe/oferta/toyota-camry-ID6S7gG7.html,Camry,Czarny,4.0,5.0,2023,Hybryda,24873.0,218.0,Sedan,Automatyczna,Na przednie koła,53900.0,Używany,Tak,,218.0,,123900,Autoryzowany Dealer,"[""Skórzana tapicerka"", ""Podgrzewane fotele"", ""System nawigacji satelitarnej"", ""Czujnik deszczu""]",Camry_Executive
https://www.otomoto.pl/osobowe/oferta/toyota-avensis-ID6S8hH8.html,Avensis,Czarny,4.0,5.0,2016,Benzyna,17983.0,147.0,Sedan,Manualna,Na przednie koła,182600.0,Używany,Tak,,,,59900,Osoba prywatna,"[""Radio"", ""Klimatyzacja manualna"", ""Elektryczne szyby przednie"", ""ABS"", ""ESP""]",Avensis_Premium
https://www.otomoto.pl/osobowe/oferta/toyota-land-cruiser-ID6S9iI9.html,Land Cruiser,Czarny,5.0,5.0,2019,Diesel,27553.0,177.0,SUV,Automatyczna,4x4 (stały),82400.0,Używany,Tak,,,,132500,Firma,"[""Kamera panoramiczna 360"", ""Hak"", ""Blokada mechanizmu różnicowego"", ""Skórzana kierownica""]",Land Cruiser_Executive
https://www.otomoto.pl/osobowe/oferta/toyota-corolla-ID6T1aA1.html,Corolla,Biały,5.0,5.0,2022,Hybryda,17983.0,122.0,Kombi,Automatyczna,Na przednie koła,117900.0,Używany,Tak,72.0,122.0,1.0,94300,Firma,"[""Apple CarPlay"", ""Android Auto"", ""Interfejs Bluetooth"", ""Klimatyzacja automatyczna"", ""Kierownica skórzana""]",Corolla_Comfort
https://www.otomoto.pl/osobowe/oferta/toyota-c-hr-ID6T2bB2.html,C-HR,Czarny,5.0,5.0,2024,Hybryda,17983.0,140.0,SUV,Automatyczna,Na przednie koła,77600.0,Używany,Tak,95.0,140.0,1.0,92900,Autoryzowany Dealer,"[""Kamera parkowania tył"", ""Klimatyzacja automatyczna: dwustrefowa"", ""Tempomat adaptacyjny ACC""]",C-HR_Style
https://www.otomoto.pl/osobowe/oferta/toyota-camry-ID6T3cC3.html,Camry,Szary,4.0,5.0,2023,Hybryda,24873.0,218.0,Sedan,Automatyczna,Na przednie koła,134200.0,Używany,Tak,,218.0,,130500,Autoryzowany Dealer,"[""Skórzana tapicerka"", ""Podgrzewane fotele"", ""System nawigacji satelitarnej"", ""Czujnik deszczu""]",Camry_Executive
https://www.otomoto.pl/osobowe/oferta/toyota-avensis-ID6T4dD4.html,Avensis,Szary,4.0,5.0,2016,Benzyna,17983.0,147.0,Sedan,Manualna,Na przednie koła,99100.0,Używany,Tak,,,,50900,Osoba prywatna,"[""Radio"", ""Klimatyzacja manualna"", ""Elektryczne szyby przednie"", ""ABS"", ""ESP""]",Avensis_Premium
https://www.otomoto.pl/osobowe/oferta/toyota-land-cruiser-ID6T5eE5.html,Land Cruiser,Szary,5.0,5.0,2019,Diesel,27553.0,177.0,SUV,Automatyczna,4x4 (stały),139400.0,Używany,Tak,,,,157900,Firma,"[""Kamera panoramiczna 360"", ""Hak"", ""Blokada mechanizmu różnicowego"", ""Skórzana kierownica""]",Land Cruiser_Executive
https://www.otomoto.pl/osobowe/oferta/toyota-corolla-ID6T6fF6.html,Corolla,Srebrny,5.0,5.0,2022,Hybryda,17983.0,122.0,Kombi,Automatyczna,Na przednie koła,84300.0,Używany,Tak,72.0,122.0,1.0,95300,Firma,"[""Apple CarPlay"", ""Android Auto"", ""Interfejs Bluetooth"", ""Klimatyzacja automatyczna"", ""Kierownica skórzana""]",Corolla_Comfort
https://www.otomoto.pl/osobowe/oferta/toyota-c-hr-ID6T7gG7.html,C-HR,Szary,5.0,5.0,2024,Hybryda,17983.0,140.0,SUV,Automatyczna,Na przednie koła,42500.0,Używany,Tak,95.0,140.0,1.0,122600,Autoryzowany Dealer,"[""Kamera parkowania tył"", ""Klimatyzacja automatyczna: dwustrefowa"", ""Tempomat adaptacyjny ACC""]",C-HR_Style
https://www.otomoto.pl/osobowe/oferta/toyota-camry-ID6T8hH8.html,Camry,Biały,4.0,5.0,2023,Hybryda,24873.0,218.0,Sedan,Automatyczna,Na przednie koła,96500.0,Używany,Tak,,218.0,,122800,Autoryzowany Dealer,"[""Skórzana tapicerka"", ""Podgrzewane fotele"", ""System nawigacji satelitarnej"", ""Czujnik deszczu""]",Camry_Executive
https://www.otomoto.pl/osobowe/oferta/toyota-avensis-ID6T9iI9.html,Avensis,Niebieski,4.0,5.0,2016,Benzyna,17983.0,147.0,Sedan,Manualna,Na przednie koła,128400.0,Używany,Tak,,,,49300,Osoba prywatna,"[""Radio"", ""Klimatyzacja manualna"", ""Elektryczne szyby przednie"", ""ABS"", ""ESP""]",Avensis_Premium
https://www.otomoto.pl/osobowe/oferta/toyota-camry-ID6SQXzJ.html,Camry,Szary,4.0,5.0,2023,Hybryda,24873.0,218.0,Sedan,Automatyczna,Na przednie koła,99474.0,Używany,Tak,,218.0,,144651,Autoryzowany Dealer,"[""Skórzana tapicerka"", ""Podgrzewane fotele"", ""System nawigacji satelitarnej"", ""Czujnik deszczu""]",Camry_Executive
https://www.otomoto.pl/osobowe/oferta/toyota-camry-ID6OZS7r.html,Camry,Czarny,4.0,5.0,2023,Hybryda,24873.0,218.0,Sedan,Automatyczna,Na przednie koła,79719.0,Używany,Tak,,218.0,,143345,Autoryzowany Dealer,"[""Skórzana tapicerka"", ""Podgrzewane fotele"", ""System nawigacji satelitarnej"", ""Czujnik deszczu""]",Camry_Executive
https://www.otomoto.pl/osobowe/oferta/toyota-land-cruiser-ID6kuuog.html,Land Cruiser,Szary,5.0,5.0,2019,Diesel,27553.0,177.0,SUV,Automatyczna,4x4 (stały),98568.0,Używany,Tak,,,,197776,Firma,"[""Kamera panoramiczna 360"", ""Hak"", ""Blokada mechanizmu różnicowego"", ""Skórzana kierownica""]",Land Cruiser_Executive
https://www.otomoto.pl/osobowe/oferta/toyota-c-hr-ID6TERh3.html,C-HR,Srebrny,5.0,5.0,2021,Hybryda,17983.0,122.0,SUV,Automatyczna,Na przednie koła,121613.0,Używany,Tak,72.0,122.0,1.0,113312,Osoba prywatna,"[""Kamera parkowania tył"", ""Klimatyzacja automatyczna: dwustrefowa"", ""Tempomat adaptacyjny ACC""]",C-HR_Style
https://www.otomoto.pl/osobowe/oferta/toyota-avensis-ID6NQ7as.html,Avensis,Niebieski,4.0,5.0,2016,Benzyna,17983.0,147.0,Sedan,Manualna,Na przednie koła,90219.0,Używany,Tak,,,,60908,Osoba prywatna,"[""Radio"", ""Klimatyzacja manualna"", ""Elektryczne szyby przednie"", ""ABS"", ""ESP""]",Avensis_Premium
https://www.otomoto.pl/osobowe/oferta/toyota-avensis-ID6XZPKY.html,Avensis,Szary,4.0,5.0,2016,Benzyna,17983.0,147.0,Sedan,Manualna,Na przednie koła,45761.0,Używany,Tak,,,,61170,Osoba prywatna,"[""Radio"", ""Klimatyzacja manualna"", ""Elektryczne szyby przednie"", ""ABS"", ""ESP""]",Avensis_Premium
https://www.otomoto.pl/osobowe/oferta/toyota-land-cruiser-ID6u0fn2.html,Land Cruiser,Szary,5.0,5.0,2019,Diesel,27553.0,177.0,SUV,Automatyczna,4x4 (stały),55711.0,Używany,Tak,,,,209012,Firma,"[""Kamera panoramiczna 360"", ""Hak"", ""Blokada mechanizmu różnicowego"", ""Skórzana kierownica""]",Land Cruiser_Executive
https://www.otomoto.pl/osobowe/oferta/toyota-c-hr-ID6JeXBF.html,C-HR,Niebieski,5.0,5.0,2021,Hybryda,17983.0,122.0,SUV,Automatyczna,Na przednie koła,63249.0,Używany,Tak,72.0,122.0,1.0,110447,Osoba prywatna,"[""Kamera parkowania tył"", ""Klimatyzacja automatyczna: dwustrefowa"", ""Tempomat adaptacyjny ACC""]",C-HR_Style
https://www.otomoto.pl/osobowe/oferta/toyota-camry-ID67hx7x.html,Camry,Srebrny,4.0,5.0,2023,Hybryda,24873.0,218.0,Sedan,Automatyczna,Na przednie koła,120858.0,Używany,Tak,,218.0,,145445,Autoryzowany Dealer,"[""Skórzana tapicerka"", ""Podgrzewane fotele"", ""System nawigacji satelitarnej"", ""Czujnik deszczu""]",Camry_Executive
https://www.otomoto.pl/osobowe/oferta/toyota-c-hr-ID6WpOEt.html,C-HR,Biały,5.0,5.0,2021,Hybryda,17983.0,122.0,SUV,Automatyczna,Na przednie koła,72577.0,Używany,Tak,72.0,122.0,1.0,112059,Osoba prywatna,"[""Kamera parkowania tył"", ""Klimatyzacja automatyczna: dwustrefowa"", ""Tempomat adaptacyjny ACC""]",C-HR_Style
https://www.otomoto.pl/osobowe/oferta/toyota-camry-ID60c2iV.html,Camry,Srebrny,4.0,5.0,2023,Hybryda,24873.0,218.0,Sedan,Automatyczna,Na przednie koła,83750.0,Używany,Tak,,218.0,,123763,Autoryzowany Dealer,"[""Skórzana tapicerka"", ""Podgrzewane fotele"", ""System nawigacji satelitarnej"", ""Czujnik deszczu""]",Camry_Executive
https://www.otomoto.pl/osobowe/oferta/toyota-land-cruiser-ID6732oj.html,Land Cruiser,Srebrny,5.0,5.0,2019,Diesel,27553.0,177.0,SUV,Automatyczna,4x4 (stały),130516.0,Używany,Tak,,,,193891,Firma,"[""Kamera panoramiczna 360"", ""Hak"", ""Blokada mechanizmu różnicowego"", ""Skórzana kierownica""]",Land Cruiser_Executive
https://www.otomoto.pl/osobowe/oferta/toyota-camry-ID6bt4Fr.html,Camry,Niebieski,4.0,5.0,2023,Hybryda,24873.0,218.0,Sedan,Automatyczna,Na przednie koła,98737.0,Używany,Tak,,218.0,,156735,Autoryzowany Dealer,"[""Skórzana tapicerka"", ""Podgrzewane fotele"", ""System nawigacji satelitarnej"", ""Czujnik deszczu""]",Camry_Executive
https://www.otomoto.pl/osobowe/oferta/toyota-avensis-ID6Bk6CN.html,Avensis,Niebieski,4.0,5.0,2016,Benzyna,17983.0,147.0,Sedan,Manualna,Na przednie koła,147834.0,Używany,Tak,,,,61205,Osoba prywatna,"[""Radio"", ""Klimatyzacja manualna"", ""Elektryczne szyby przednie"", ""ABS"", ""ESP""]",Avensis_Premium
https://www.otomoto.pl/osobowe/oferta/toyota-corolla-ID6F73fd.html,Corolla,Srebrny,5.0,5.0,2022,Hybryda,17983.0,122.0,Kombi,Automatyczna,Na przednie koła,115451.0,Używany,Tak,72.0,122.0,1.0,102412,Firma,"[""Apple CarPlay"", ""Android Auto"", ""Interfejs Bluetooth"", ""Klimatyzacja automatyczna"", ""Kierownica skórzana""]",Corolla_Comfort
https://www.otomoto.pl/osobowe/oferta/toyota-land-cruiser-ID6MbLiB.html,Land Cruiser,Niebieski,5.0,5.0,2019,Diesel,27553.0,177.0,SUV,Automatyczna,4x4 (stały),145004.0,Używany,Tak,,,,199917,Firma,"[""Kamera panoramiczna 360"", ""Hak"", ""Blokada mechanizmu różnicowego"", ""Skórzana kierownica""]",Land Cruiser_Executive
https://www.otomoto.pl/osobowe/oferta/toyota-c-hr-ID6zt4H5.html,C-HR,Biały,5.0,5.0,2021,Hybryda,17983.0,122.0,SUV,Automatyczna,Na przednie koła,134760.0,Używany,Tak,72.0,122.0,1.0,106770,Osoba prywatna,"[""Kamera parkowania tył"", ""Klimatyzacja automatyczna: dwustrefowa"", ""Tempomat adaptacyjny ACC""]",C-HR_Style
https://www.otomoto.pl/osobowe/oferta/toyota-c-hr-ID6VRv1V.html,C-HR,Srebrny,5.0,5.0,2021,Hybryda,17983.0,122.0,SUV,Automatyczna,Na przednie koła,68953.0,Używany,Tak,72.0,122.0,1.0,92010,Osoba prywatna,"[""Kamera parkowania tył"", ""Klimatyzacja automatyczna: dwustrefowa"", ""Tempomat adaptacyjny ACC""]",C-HR_Style
https://www.otomoto.pl/osobowe/oferta/toyota-camry-ID6FzeFr.html,Camry,Czarny,4.0,5.0,2023,Hybryda,24873.0,218.0,Sedan,Automatyczna,Na przednie koła,168464.0,Używany,Tak,,218.0,,152827,Autoryzowany Dealer,"[""Skórzana tapicerka"", ""Podgrzewane fotele"", ""System nawigacji satelitarnej"", ""Czujnik deszczu""]",Camry_Executive
https://www.otomoto.pl/osobowe/oferta/toyota-avensis-ID6aM2mt.html,Avensis,Niebieski,4.0,5.0,2016,Benzyna,17983.0,147.0,Sedan,Manualna,Na przednie koła,170542.0,Używany,Tak,,,,48532,Osoba prywatna,"[""Radio"", ""Klimatyzacja manualna"", ""Elektryczne szyby przednie"", ""ABS"", ""ESP""]",Avensis_Premium
https://www.otomoto.pl/osobowe/oferta/toyota-c-hr-ID6kxhmZ.html,C-HR,Niebieski,5.0,5.0,2021,Hybryda,17983.0,122.0,SUV,Automatyczna,Na przednie koła,55150.0,Używany,Tak,72.0,122.0,1.0,115372,Osoba prywatna,"[""Kamera parkowania tył"", ""Klimatyzacja automatyczna: dwustrefowa"", ""Tempomat adaptacyjny ACC""]",C-HR_Style
https://www.otomoto.pl/osobowe/oferta/toyota-land-cruiser-ID61bAiI.html,Land Cruiser,Szary,5.0,5.0,2019,Diesel,27553.0,177.0,SUV,Automatyczna,4x4 (stały),84606.0,Używany,Tak,,,,203912,Firma,"[""Kamera panoramiczna 360"", ""Hak"", ""Blokada mechanizmu różnicowego"", ""Skórzana kierownica""]",Land Cruiser_Executive
https://www.otomoto.pl/osobowe/oferta/toyota-avensis-ID6Hp4Er.html,Avensis,Niebieski,4.0,5.0,2016,Benzyna,17983.0,147.0,Sedan,Manualna,Na przednie koła,95721.0,Używany,Tak,,,,62375,Osoba prywatna,"[""Radio"", ""Klimatyzacja manualna"", ""Elektryczne szyby przednie"", ""ABS"", ""ESP""]",Avensis_Premium
https://www.otomoto.pl/osobowe/oferta/toyota-camry-ID6c5k4S.html,Camry,Szary,4.0,5.0,2023,Hybryda,24873.0,218.0,Sedan,Automatyczna,Na przednie koła,62987.0,Używany,Tak,,218.0,,154103,Autoryzowany Dealer,"[""Skórzana tapicerka"", ""Podgrzewane fotele"", ""System nawigacji satelitarnej"", ""Czujnik deszczu""]",Camry_Executive
https://www.otomoto.pl/osobowe/oferta/toyota-c-hr-ID6rSPcO.html,C-HR,Biały,5.0,5.0,2021,Hybryda,17983.0,122.0,SUV,Automatyczna,Na przednie koła,43481.0,Używany,Tak,72.0,122.0,1.0,109263,Osoba prywatna,"[""Kamera parkowania tył"", ""Klimatyzacja automatyczna: dwustrefowa"", ""Tempomat adaptacyjny ACC""]",C-HR_Style
https://www.otomoto.pl/osobowe/oferta/toyota-camry-ID6YrKuL.html,Camry,Szary,4.0,5.0,2023,Hybryda,24873.0,218.0,Sedan,Automatyczna,Na przednie koła,148931.0,Używany,Tak,,218.0,,149779,Autoryzowany Dealer,"[""Skórzana tapicerka"", ""Podgrzewane fotele"", ""System nawigacji satelitarnej"", ""Czujnik deszczu""]",Camry_Executive
https://www.otomoto.pl/osobowe/oferta/toyota-camry-ID6UNmbS.html,Camry,Niebieski,4.0,5.0,2023,Hybryda,24873.0,218.0,Sedan,Automatyczna,Na przednie koła,66209.0,Używany,Tak,,218.0,,150426,Autoryzowany Dealer,"[""Skórzana tapicerka"", ""Podgrzewane fotele"", ""System nawigacji satelitarnej"", ""Czujnik deszczu""]",Camry_Executive
https://www.otomoto.pl/osobowe/oferta/toyota-avensis-ID6CFd9q.html,Avensis,Czarny,4.0,5.0,2016,Benzyna,17983.0,147.0,Sedan,Manualna,Na przednie koła,93713.0,Używany,Tak,,,,59448,Osoba prywatna,"[""Radio"", ""Klimatyzacja manualna"", ""Elektryczne szyby przednie"", ""ABS"", ""ESP""]",Avensis_Premium
https://www.otomoto.pl/osobowe/oferta/toyota-corolla-ID6D1LsM.html,Corolla,Czarny,5.0,5.0,2022,Hybryda,17983.0,122.0,Kombi,Automatyczna,Na przednie koła,48322.0,Używany,Tak,72.0,122.0,1.0,96850,Firma,"[""Apple CarPlay"", ""Android Auto"", ""Interfejs Bluetooth"", ""Klimatyzacja automatyczna"", ""Kierownica skórzana""]",Corolla_Comfort
https://www.otomoto.pl/osobowe/oferta/toyota-c-hr-ID6Grr9l.html,C-HR,Szary,5.0,5.0,2021,Hybryda,17983.0,122.0,SUV,Automatyczna,Na przednie koła,45685.0,Używany,Tak,72.0,122.0,1.0,105332,Osoba prywatna,"[""Kamera parkowania tył"", ""Klimatyzacja automatyczna: dwustrefowa"", ""Tempomat adaptacyjny ACC""]",C-HR_Style
https://www.otomoto.pl/osobowe/oferta/toyota-c-hr-ID68IWvf.html,C-HR,Czarny,5.0,5.0,2021,Hybryda,17983.0,122.0,SUV,Automatyczna,Na przednie koła,113938.0,Używany,Tak,72.0,122.0,1.0,112745,Osoba prywatna,"[""Kamera parkowania tył"", ""Klimatyzacja automatyczna: dwustrefowa"", ""Tempomat adaptacyjny ACC""]",C-HR_Style
https://www.otomoto.pl/osobowe/oferta/toyota-avensis-ID6iEMqL.html,Avensis,Czarny,4.0,5.0,2016,Benzyna,17983.0,147.0,Sedan,Manualna,Na przednie koła,144701.0,Używany,Tak,,,,57005,Osoba prywatna,"[""Radio"", ""Klimatyzacja manualna"", ""Elektryczne szyby przednie"", ""ABS"", ""ESP""]",Avensis_Premium
https://www.otomoto.pl/osobowe/oferta/toyota-avensis-ID6rTbxv.html,Avensis,Srebrny,4.0,5.0,2016,Benzyna,17983.0,147.0,Sedan,Manualna,Na przednie koła,117231.0,Używany,Tak,,,,62469,Osoba prywatna,"[""Radio"", ""Klimatyzacja manualna"", ""Elektryczne szyby przednie"", ""ABS"", ""ESP""]",Avensis_Premium
https://www.otomoto.pl/osobowe/oferta/toyota-c-hr-ID67stsa.html,C-HR,Biały,5.0,5.0,2021,Hybryda,17983.0,122.0,SUV,Automatyczna,Na przednie koła,127611.0,Używany,Tak,72.0,122.0,1.0,111322,Osoba prywatna,"[""Kamera parkowania tył"", ""Klimatyzacja automatyczna: dwustrefowa"", ""Tempomat adaptacyjny ACC""]",C-HR_Style
https://www.otomoto.pl/osobowe/oferta/toyota-avensis-ID6HDvFI.html,Avensis,Niebieski,4.0,5.0,2016,Benzyna,17983.0,147.0,Sedan,Manualna,Na przednie koła,142150.0,Używany,Tak,,,,57000,Osoba prywatna,"[""Radio"", ""Klimatyzacja manualna"", ""Elektryczne szyby przednie"", ""ABS"", ""ESP""]",Avensis_Premium
https://www.otomoto.pl/osobowe/oferta/toyota-land-cruiser-ID67s34e.html,Land Cruiser,Biały,5.0,5.0,2019,Diesel,27553.0,177.0,SUV,Automatyczna,4x4 (stały),174615.0,Używany,Tak,,,,194838,Firma,"[""Kamera panoramiczna 360"", ""Hak"", ""Blokada mechanizmu różnicowego"", ""Skórzana kierownica""]",Land Cruiser_Executive
https://www.otomoto.pl/osobowe/oferta/toyota-avensis-ID6LFlaN.html,Avensis,Niebieski,4.0,5.0,2016,Benzyna,17983.0,147.0,Sedan,Manualna,Na przednie koła,149838.0,Używany,Tak,,,,61007,Osoba prywatna,"[""Radio"", ""Klimatyzacja manualna"", ""Elektryczne szyby przednie"", ""ABS"", ""ESP""]",Avensis_Premium
https://www.otomoto.pl/osobowe/oferta/toyota-land-cruiser-ID6fFPJW.html,Land Cruiser,Szary,5.0,5.0,2019,Diesel,27553.0,177.0,SUV,Automatyczna,4x4 (stały),67457.0,Używany,Tak,,,,163261,Firma,"[""Kamera panoramiczna 360"", ""Hak"", ""Blokada mechanizmu różnicowego"", ""Skórzana kierownica""]",Land Cruiser_Executive
https://www.otomoto.pl/osobowe/oferta/toyota-c-hr-ID6DTWYP.html,C-HR,Biały,5.0,5.0,2021,Hybryda,17983.0,122.0,SUV,Automatyczna,Na przednie koła,70478.0,Używany,Tak,72.0,122.0,1.0,110796,Osoba prywatna,"[""Kamera parkowania tył"", ""Klimatyzacja automatyczna: dwustrefowa"", ""Tempomat adaptacyjny ACC""]",C-HR_Style
https://www.otomoto.pl/osobowe/oferta/toyota-corolla-ID66OTtf.html,Corolla,Srebrny,5.0,5.0,2022,Hybryda,17983.0,122.0,Kombi,Automatyczna,Na przednie koła,122034.0,Używany,Tak,72.0,122.0,1.0,103363,Firma,"[""Apple CarPlay"", ""Android Auto"", ""Interfejs Bluetooth"", ""Klimatyzacja automatyczna"", ""Kierownica skórzana""]",Corolla_Comfort
https://www.otomoto.pl/osobowe/oferta/toyota-corolla-ID6hCnov.html,Corolla,Niebieski,5.0,5.0,2022,Hybryda,17983.0,122.0,Kombi,Automatyczna,Na przednie koła,26997.0,Używany,Tak,72.0,122.0,1.0,99433,Firma,"[""Apple CarPlay"", ""Android Auto"", ""Interfejs Bluetooth"", ""Klimatyzacja automatyczna"", ""Kierownica skórzana""]",Corolla_Comfort
https://www.otomoto.pl/osobowe/oferta/toyota-avensis-ID6goW2R.html,Avensis,Srebrny,4.0,5.0,2016,Benzyna,17983.0,147.0,Sedan,Manualna,Na przednie koła,158596.0,Używany,Tak,,,,62981,Osoba prywatna,"[""Radio"", ""Klimatyzacja manualna"", ""Elektryczne szyby przednie"", ""ABS"", ""ESP""]",Avensis_Premium
https://www.otomoto.pl/osobowe/oferta/toyota-c-hr-ID6gf14w.html,C-HR,Szary,5.0,5.0,2021,Hybryda,17983.0,122.0,SUV,Automatyczna,Na przednie koła,157274.0,Używany,Tak,72.0,122.0,1.0,107898,Osoba prywatna,"[""Kamera parkowania tył"", ""Klimatyzacja automatyczna: dwustrefowa"", ""Tempomat adaptacyjny ACC""]",C-HR_Style
https://www.otomoto.pl/osobowe/oferta/toyota-avensis-ID6mStBa.html,Avensis,Srebrny,4.0,5.0,2016,Benzyna,17983.0,147.0,Sedan,Manualna,Na przednie koła,84894.0,Używany,Tak,,,,48668,Osoba prywatna,"[""Radio"", ""Klimatyzacja manualna"", ""Elektryczne szyby przednie"", ""ABS"", ""ESP""]",Avensis_Premium
https://www.otomoto.pl/osobowe/oferta/toyota-c-hr-ID6Iyw8Q.html,C-HR,Czarny,5.0,5.0,2021,Hybryda,17983.0,122.0,SUV,Automatyczna,Na przednie koła,164090.0,Używany,Tak,72.0,122.0,1.0,108527,Osoba prywatna,"[""Kamera parkowania tył"", ""Klimatyzacja automatyczna: dwustrefowa"", ""Tempomat adaptacyjny ACC""]",C-HR_Style
https://www.otomoto.pl/osobowe/oferta/toyota-c-hr-ID6M7HS1.html,C-HR,Niebieski,5.0,5.0,2021,Hybryda,17983.0,122.0,SUV,Automatyczna,Na przednie koła,87519.0,Używany,Tak,72.0,122.0,1.0,109651,Osoba prywatna,"[""Kamera parkowania tył"", ""Klimatyzacja automatyczna: dwustrefowa"", ""Tempomat adaptacyjny ACC""]",C-HR_Style
https://www.otomoto.pl/osobowe/oferta/toyota-corolla-ID6ln3jy.html,Corolla,Czarny,5.0,5.0,2022,Hybryda,17983.0,122.0,Kombi,Automatyczna,Na przednie koła,174090.0,Używany,Tak,72.0,122.0,1.0,95434,Firma,"[""Apple CarPlay"", ""Android Auto"", ""Interfejs Bluetooth"", ""Klimatyzacja automatyczna"", ""Kierownica skórzana""]",Corolla_Comfort
https://www.otomoto.pl/osobowe/oferta/toyota-corolla-ID6v5ekY.html,Corolla,Niebieski,5.0,5.0,2022,Hybryda,17983.0,122.0,Kombi,Automatyczna,Na przednie koła,174527.0,Używany,Tak,72.0,122.0,1.0,98497,Firma,"[""Apple CarPlay"", ""Android Auto"", ""Interfejs Bluetooth"", ""Klimatyzacja automatyczna"", ""Kierownica skórzana""]",Corolla_Comfort
https://www.otomoto.pl/osobowe/oferta/toyota-corolla-ID62nOnE.html,Corolla,Srebrny,5.0,5.0,2022,Hybryda,17983.0,122.0,Kombi,Automatyczna,Na przednie koła,131564.0,Używany,Tak,72.0,122.0,1.0,102622,Firma,"[""Apple CarPlay"", ""Android Auto"", ""Interfejs Bluetooth"", ""Klimatyzacja automatyczna"", ""Kierownica skórzana""]",Corolla_Comfort
https://www.otomoto.pl/osobowe/oferta/toyota-camry-ID6ldvoV.html,Camry,Srebrny,4.0,5.0,2023,Hybryda,24873.0,218.0,Sedan,Automatyczna,Na przednie koła,134036.0,Używany,Tak,,218.0,,148249,Autoryzowany Dealer,"[""Skórzana tapicerka"", ""Podgrzewane fotele"", ""System nawigacji satelitarnej"", ""Czujnik deszczu""]",Camry_Executive
https://www.otomoto.pl/osobowe/oferta/toyota-land-cruiser-ID6gO2be.html,Land Cruiser,Czarny,5.0,5.0,2019,Diesel,27553.0,177.0,SUV,Automatyczna,4x4 (stały),123637.0,Używany,Tak,,,,204280,Firma,"[""Kamera panoramiczna 360"", ""Hak"", ""Blokada mechanizmu różnicowego"", ""Skórzana kierownica""]",Land Cruiser_Executive
https://www.otomoto.pl/osobowe/oferta/toyota-land-cruiser-ID67Q4fd.html,Land Cruiser,Szary,5.0,5.0,2019,Diesel,27553.0,177.0,SUV,Automatyczna,4x4 (stały),23419.0,Używany,Tak,,,,190389,Firma,"[""Kamera panoramiczna 360"", ""Hak"", ""Blokada mechanizmu różnicowego"", ""Skórzana kierownica""]",Land Cruiser_Executive
https://www.otomoto.pl/osobowe/oferta/toyota-land-cruiser-ID6Acwkj.html,Land Cruiser,Srebrny,5.0,5.0,2019,Diesel,27553.0,177.0,SUV,Automatyczna,4x4 (stały),118815.0,Używany,Tak,,,,190526,Firma,"[""Kamera panoramiczna 360"", ""Hak"", ""Blokada mechanizmu różnicowego"", ""Skórzana kierownica""]",Land Cruiser_Executive
https://www.otomoto.pl/osobowe/oferta/toyota-camry-ID6isxoO.html,Camry,Niebieski,4.0,5.0,2023,Hybryda,24873.0,218.0,Sedan,Automatyczna,Na przednie koła,151304.0,Używany,Tak,,218.0,,155210,Autoryzowany Dealer,"[""Skórzana tapicerka"", ""Podgrzewane fotele"", ""System nawigacji satelitarnej"", ""Czujnik deszczu""]",Camry_Executive
https://www.otomoto.pl/osobowe/oferta/toyota-corolla-ID62L7id.html,Corolla,Srebrny,5.0,5.0,2022,Hybryda,17983.0,122.0,Kombi,Automatyczna,Na przednie koła,86710.0,Używany,Tak,72.0,122.0,1.0,104602,Firma,"[""Apple CarPlay"", ""Android Auto"", ""Interfejs Bluetooth"", ""Klimatyzacja automatyczna"", ""Kierownica skórzana""]",Corolla_Comfort
https://www.otomoto.pl/osobowe/oferta/toyota-avensis-ID6wqEvk.html,Avensis,Czarny,4.0,5.0,2016,Benzyna,17983.0,147.0,Sedan,Manualna,Na przednie koła,133844.0,Używany,Tak,,,,60849,Osoba prywatna,"[""Radio"", ""Klimatyzacja manualna"", ""Elektryczne szyby przednie"", ""ABS"", ""ESP""]",Avensis_Premium
https://www.otomoto.pl/osobowe/oferta/toyota-corolla-ID6ZPQ9e.html,Corolla,Niebieski,5.0,5.0,2022,Hybryda,17983.0,122.0,Kombi,Automatyczna,Na przednie koła,79457.0,Używany,Tak,72.0,122.0,1.0,99051,Firma,"[""Apple CarPlay"", ""Android Auto"", ""Interfejs Bluetooth"", ""Klimatyzacja automatyczna"", ""Kierownica skórzana""]",Corolla_Comfort
https://www.otomoto.pl/osobowe/oferta/toyota-corolla-ID6BUwVx.html,Corolla,Czarny,5.0,5.0,2022,Hybryda,17983.0,122.0,Kombi,Automatyczna,Na przednie koła,107428.0,Używany,Tak,72.0,122.0,1.0,96499,Firma,"[""Apple CarPlay"", ""Android Auto"", ""Interfejs Bluetooth"", ""Klimatyzacja automatyczna"", ""Kierownica skórzana""]",Corolla_Comfort
https://www.otomoto.pl/osobowe/oferta/toyota-avensis-ID6tt6X9.html,Avensis,Srebrny,4.0,5.0,2016,Benzyna,17983.0,147.0,Sedan,Manualna,Na przednie koła,178156.0,Używany,Tak,,,,61846,Osoba prywatna,"[""Radio"", ""Klimatyzacja manualna"", ""Elektryczne szyby przednie"", ""ABS"", ""ESP""]",Avensis_Premium
https://www.otomoto.pl/osobowe/oferta/toyota-land-cruiser-ID61nYBw.html,Land Cruiser,Srebrny,5.0,5.0,2019,Diesel,27553.0,177.0,SUV,Automatyczna,4x4 (stały),166270.0,Używany,Tak,,,,196049,Firma,"[""Kamera panoramiczna 360"", ""Hak"", ""Blokada mechanizmu różnicowego"", ""Skórzana kierownica""]",Land Cruiser_Executive
https://www.otomoto.pl/osobowe/oferta/toyota-land-cruiser-ID6NKOVA.html,Land Cruiser,Szary,5.0,5.0,2019,Diesel,27553.0,177.0,SUV,Automatyczna,4x4 (stały),130871.0,Używany,Tak,,,,164347,Firma,"[""Kamera panoramiczna 360"", ""Hak"", ""Blokada mechanizmu różnicowego"", ""Skórzana kierownica""]",Land Cruiser_Executive
https://www.otomoto.pl/osobowe/oferta/toyota-c-hr-ID6IOMsJ.html,C-HR,Szary,5.0,5.0,2021,Hybryda,17983.0,122.0,SUV,Automatyczna,Na przednie koła,147306.0,Używany,Tak,72.0,122.0,1.0,112626,Osoba prywatna,"[""Kamera parkowania tył"", ""Klimatyzacja automatyczna: dwustrefowa"", ""Tempomat adaptacyjny ACC""]",C-HR_Style
https://www.otomoto.pl/osobowe/oferta/toyota-land-cruiser-ID6y5trL.html,Land Cruiser,Biały,5.0,5.0,2019,Diesel,27553.0,177.0,SUV,Automatyczna,4x4 (stały),117716.0,Używany,Tak,,,,193747,Firma,"[""Kamera panoramiczna 360"", ""Hak"", ""Blokada mechanizmu różnicowego"", ""Skórzana kierownica""]",Land Cruiser_Executive
https://www.otomoto.pl/osobowe/oferta/toyota-corolla-ID6jT4rn.html,Corolla,Biały,5.0,5.0,2022,Hybryda,17983.0,122.0,Kombi,Automatyczna,Na przednie koła,114803.0,Używany,Tak,72.0,122.0,1.0,104499,Firma,"[""Apple CarPlay"", ""Android Auto"", ""Interfejs Bluetooth"", ""Klimatyzacja automatyczna"", ""Kierownica skórzana""]",Corolla_Comfort
https://www.otomoto.pl/osobowe/oferta/toyota-corolla-ID6ufoI0.html,Corolla,Czarny,5.0,5.0,2022,Hybryda,17983.0,122.0,Kombi,Automatyczna,Na przednie koła,135345.0,Używany,Tak,72.0,122.0,1.0,104112,Firma,"[""Apple CarPlay"", ""Android Auto"", ""Interfejs Bluetooth"", ""Klimatyzacja automatyczna"", ""Kierownica skórzana""]",Corolla_Comfort
https://www.otomoto.pl/osobowe/oferta/toyota-land-cruiser-ID6UInhZ.html,Land Cruiser,Biały,5.0,5.0,2019,Diesel,27553.0,177.0,SUV,Automatyczna,4x4 (stały),40977.0,Używany,Tak,,,,197045,Firma,"[""Kamera panoramiczna 360"", ""Hak"", ""Blokada mechanizmu różnicowego"", ""Skórzana kierownica""]",Land Cruiser_Executive
https://www.otomoto.pl/osobowe/oferta/toyota-camry-ID6OMTaU.html,Camry,Srebrny,4.0,5.0,2023,Hybryda,24873.0,218.0,Sedan,Automatyczna,Na przednie koła,164611.0,Używany,Tak,,218.0,,127097,Autoryzowany Dealer,"[""Skórzana tapicerka"", ""Podgrzewane fotele"", ""System nawigacji satelitarnej"", ""Czujnik deszczu""]",Camry_Executive
https://www.otomoto.pl/osobowe/oferta/toyota-corolla-ID6X52zs.html,Corolla,Szary,5.0,5.0,2022,Hybryda,17983.0,122.0,Kombi,Automatyczna,Na przednie koła,25623.0,Używany,Tak,72.0,122.0,1.0,95870,Firma,"[""Apple CarPlay"", ""Android Auto"", ""Interfejs Bluetooth"", ""Klimatyzacja automatyczna"", ""Kierownica skórzana""]",Corolla_Comfort
https://www.otomoto.pl/osobowe/oferta/toyota-land-cruiser-ID6pnAD1.html,Land Cruiser,Biały,5.0,5.0,2019,Diesel,27553.0,177.0,SUV,Automatyczna,4x4 (stały),74031.0,Używany,Tak,,,,192285,Firma,"[""Kamera panoramiczna 360"", ""Hak"", ""Blokada mechanizmu różnicowego"", ""Skórzana kierownica""]",Land Cruiser_Executive
https://www.otomoto.pl/osobowe/oferta/toyota-c-hr-ID6wFuZ7.html,C-HR,Srebrny,5.0,5.0,2021,Hybryda,17983.0,122.0,SUV,Automatyczna,Na przednie koła,44136.0,Używany,Tak,72.0,122.0,1.0,111601,Osoba prywatna,"[""Kamera parkowania tył"", ""Klimatyzacja automatyczna: dwustrefowa"", ""Tempomat adaptacyjny ACC""]",C-HR_Style
https://www.otomoto.pl/osobowe/oferta/toyota-land-cruiser-ID6kZFD0.html,Land Cruiser,Czarny,5.0,5.0,2019,Diesel,27553.0,177.0,SUV,Automatyczna,4x4 (stały),141802.0,Używany,Tak,,,,198655,Firma,"[""Kamera panoramiczna 360"", ""Hak"", ""Blokada mechanizmu różnicowego"", ""Skórzana kierownica""]",Land Cruiser_Executive
https://www.otomoto.pl/osobowe/oferta/toyota-avensis-ID6JX6ly.html,Avensis,Niebieski,4.0,5.0,2016,Benzyna,17983.0,147.0,Sedan,Manualna,Na przednie koła,115057.0,Używany,Tak,,,,57531,Osoba prywatna,"[""Radio"", ""Klimatyzacja manualna"", ""Elektryczne szyby przednie"", ""ABS"", ""ESP""]",Avensis_Premium
https://www.otomoto.pl/osobowe/oferta/toyota-avensis-ID6FoQMX.html,Avensis,Szary,4.0,5.0,2016,Benzyna,17983.0,147.0,Sedan,Manualna,Na przednie koła,77960.0,Używany,Tak,,,,61641,Osoba prywatna,"[""Radio"", ""Klimatyzacja manualna"", ""Elektryczne szyby przednie"", ""ABS"", ""ESP""]",Avensis_Premium
https://www.otomoto.pl/osobowe/oferta/toyota-avensis-ID687wgx.html,Avensis,Srebrny,4.0,5.0,2016,Benzyna,17983.0,147.0,Sedan,Manualna,Na przednie koła,100557.0,Używany,Tak,,,,62400,Osoba prywatna,"[""Radio"", ""Klimatyzacja manualna"", ""Elektryczne szyby przednie"", ""ABS"", ""ESP""]",Avensis_Premium
https://www.otomoto.pl/osobowe/oferta/toyota-corolla-ID6LvJoI.html,Corolla,Niebieski,5.0,5.0,2022,Hybryda,17983.0,122.0,Kombi,Automatyczna,Na przednie koła,143079.0,Używany,Tak,72.0,122.0,1.0,99857,Firma,"[""Apple CarPlay"", ""Android Auto"", ""Interfejs Bluetooth"", ""Klimatyzacja automatyczna"", ""Kierownica skórzana""]",Corolla_Comfort
https://www.otomoto.pl/osobowe/oferta/toyota-corolla-ID68VUyF.html,Corolla,Niebieski,5.0,5.0,2022,Hybryda,17983.0,122.0,Kombi,Automatyczna,Na przednie koła,97732.0,Używany,Tak,72.0,122.0,1.0,104448,Firma,"[""Apple CarPlay"", ""Android Auto"", ""Interfejs Bluetooth"", ""Klimatyzacja automatyczna"", ""Kierownica skórzana""]",Corolla_Comfort
https://www.otomoto.pl/osobowe/oferta/toyota-corolla-ID6Ytuzv.html,Corolla,Niebieski,5.0,5.0,2022,Hybryda,17983.0,122.0,Kombi,Automatyczna,Na przednie koła,99226.0,Używany,Tak,72.0,122.0,1.0,95777,Firma,"[""Apple CarPlay"", ""Android Auto"", ""Interfejs Bluetooth"", ""Klimatyzacja automatyczna"", ""Kierownica skórzana""]",Corolla_Comfort
https://www.otomoto.pl/osobowe/oferta/toyota-corolla-ID6f56zn.html,Corolla,Biały,5.0,5.0,2022,Hybryda,17983.0,122.0,Kombi,Automatyczna,Na przednie koła,30275.0,Używany,Tak,72.0,122.0,1.0,97382,Firma,"[""Apple CarPlay"", ""Android Auto"", ""Interfejs Bluetooth"", ""Klimatyzacja automatyczna"", ""Kierownica skórzana""]",Corolla_Comfort
https://www.otomoto.pl/osobowe/oferta/toyota-land-cruiser-ID6plsTT.html,Land Cruiser,Czarny,5.0,5.0,2019,Diesel,27553.0,177.0,SUV,Automatyczna,4x4 (stały),38586.0,Używany,Tak,,,,193926,Firma,"[""Kamera panoramiczna 360"", ""Hak"", ""Blokada mechanizmu różnicowego"", ""Skórzana kierownica""]",Land Cruiser_Executive
https://www.otomoto.pl/osobowe/oferta/toyota-camry-ID64z3BP.html,Camry,Szary,4.0,5.0,2023,Hybryda,24873.0,218.0,Sedan,Automatyczna,Na przednie koła,107513.0,Używany,Tak,,218.0,,146282,Autoryzowany Dealer,"[""Skórzana tapicerka"", ""Podgrzewane fotele"", ""System nawigacji satelitarnej"", ""Czujnik deszczu""]",Camry_Executive
https://www.otomoto.pl/osobowe/oferta/toyota-camry-ID6XNqJ4.html,Camry,Niebieski,4.0,5.0,2023,Hybryda,24873.0,218.0,Sedan,Automatyczna,Na przednie koła,33977.0,Używany,Tak,,218.0,,147915,Autoryzowany Dealer,"[""Skórzana tapicerka"", ""Podgrzewane fotele"", ""System nawigacji satelitarnej"", ""Czujnik deszczu""]",Camry_Executive
https://www.otomoto.pl/osobowe/oferta/toyota-camry-ID6TRINn.html,Camry,Biały,4.0,5.0,2023,Hybryda,24873.0,218.0,Sedan,Automatyczna,Na przednie koła,73368.0,Używany,Tak,,218.0,,149730,Autoryzowany Dealer,"[""Skórzana tapicerka"", ""Podgrzewane fotele"", ""System nawigacji satelitarnej"", ""Czujnik deszczu""]",Camry_Executive
https://www.otomoto.pl/osobowe/oferta/toyota-c-hr-ID6kdURH.html,C-HR,Czarny,5.0,5.0,2021,Hybryda,17983.0,122.0,SUV,Automatyczna,Na przednie koła,106741.0,Używany,Tak,72.0,122.0,1.0,89053,Osoba prywatna,"[""Kamera parkowania tył"", ""Klimatyzacja automatyczna: dwustrefowa"", ""Tempomat adaptacyjny ACC""]",C-HR_Style
https://www.otomoto.pl/osobowe/oferta/toyota-camry-ID61UbeV.html,Camry,Biały,4.0,5.0,2023,Hybryda,24873.0,218.0,Sedan,Automatyczna,Na przednie koła,57030.0,Używany,Tak,,218.0,,151760,Autoryzowany Dealer,"[""Skórzana tapicerka"", ""Podgrzewane fotele"", ""System nawigacji satelitarnej"", ""Czujnik deszczu""]",Camry_Executive
https://www.otomoto.pl/osobowe/oferta/toyota-c-hr-ID64HhsG.html,C-HR,Niebieski,5.0,5.0,2021,Hybryda,17983.0,122.0,SUV,Automatyczna,Na przednie koła,116002.0,Używany,Tak,72.0,122.0,1.0,107926,Osoba prywatna,"[""Kamera parkowania tył"", ""Klimatyzacja automatyczna: dwustrefowa"", ""Tempomat adaptacyjny ACC""]",C-HR_Style
https://www.otomoto.pl/osobowe/oferta/toyota-corolla-ID6sWvmp.html,Corolla,Srebrny,5.0,5.0,2022,Hybryda,17983.0,122.0,Kombi,Automatyczna,Na przednie koła,43073.0,Używany,Tak,72.0,122.0,1.0,84865,Firma,"[""Apple CarPlay"", ""Android Auto"", ""Interfejs Bluetooth"", ""Klimatyzacja automatyczna"", ""Kierownica skórzana""]",Corolla_Comfort
https://www.otomoto.pl/osobowe/oferta/toyota-c-hr-ID6MnNj4.html,C-HR,Czarny,5.0,5.0,2021,Hybryda,17983.0,122.0,SUV,Automatyczna,Na przednie koła,54048.0,Używany,Tak,72.0,122.0,1.0,112289,Osoba prywatna,"[""Kamera parkowania tył"", ""Klimatyzacja automatyczna: dwustrefowa"", ""Tempomat adaptacyjny ACC""]",C-HR_Style
https://www.otomoto.pl/osobowe/oferta/toyota-avensis-ID6JZ0UO.html,Avensis,Srebrny,4.0,5.0,2016,Benzyna,17983.0,147.0,Sedan,Manualna,Na przednie koła,20275.0,Używany,Tak,,,,60824,Osoba prywatna,"[""Radio"", ""Klimatyzacja manualna"", ""Elektryczne szyby przednie"", ""ABS"", ""ESP""]",Avensis_Premium
https://www.otomoto.pl/osobowe/oferta/toyota-avensis-ID6YbT3A.html,Avensis,Biały,4.0,5.0,2016,Benzyna,17983.0,147.0,Sedan,Manualna,Na przednie koła,36151.0,Używany,Tak,,,,59553,Osoba prywatna,"[""Radio"", ""Klimatyzacja manualna"", ""Elektryczne szyby przednie"", ""ABS"", ""ESP""]",Avensis_Premium
https://www.otomoto.pl/osobowe/oferta/toyota-corolla-ID6QOTme.html,Corolla,Niebieski,5.0,5.0,2022,Hybryda,17983.0,122.0,Kombi,Automatyczna,Na przednie koła,90982.0,Używany,Tak,72.0,122.0,1.0,84012,Firma,"[""Apple CarPlay"", ""Android Auto"", ""Interfejs Bluetooth"", ""Klimatyzacja automatyczna"", ""Kierownica skórzana""]",Corolla_Comfort
https://www.otomoto.pl/osobowe/oferta/toyota-camry-ID6QOmbq.html,Camry,Czarny,4.0,5.0,2023,Hybryda,24873.0,218.0,Sedan,Automatyczna,Na przednie koła,31716.0,Używany,Tak,,218.0,,148058,Autoryzowany Dealer,"[""Skórzana tapicerka"", ""Podgrzewane fotele"", ""System nawigacji satelitarnej"", ""Czujnik deszczu""]",Camry_Executive
https://www.otomoto.pl/osobowe/oferta/toyota-c-hr-ID69uhba.html,C-HR,Szary,5.0,5.0,2021,Hybryda,17983.0,122.0,SUV,Automatyczna,Na przednie koła,67510.0,Używany,Tak,72.0,122.0,1.0,108868,Osoba prywatna,"[""Kamera parkowania tył"", ""Klimatyzacja automatyczna: dwustrefowa"", ""Tempomat adaptacyjny ACC""]",C-HR_Style
https://www.otomoto.pl/osobowe/oferta/toyota-land-cruiser-ID6ykLz6.html,Land Cruiser,Biały,5.0,5.0,2019,Diesel,27553.0,177.0,SUV,Automatyczna,4x4 (stały),62441.0,Używany,Tak,,,,196919,Firma,"[""Kamera panoramiczna 360"", ""Hak"", ""Blokada mechanizmu różnicowego"", ""Skórzana kierownica""]",Land Cruiser_Executive
https://www.otomoto.pl/osobowe/oferta/toyota-corolla-ID6ThoXF.html,Corolla,Niebieski,5.0,5.0,2022,Hybryda,17983.0,122.0,Kombi,Automatyczna,Na przednie koła,141895.0,Używany,Tak,72.0,122.0,1.0,99861,Firma,"[""Apple CarPlay"", ""Android Auto"", ""Interfejs Bluetooth"", ""Klimatyzacja automatyczna"", ""Kierownica skórzana""]",Corolla_Comfort
https://www.otomoto.pl/osobowe/oferta/toyota-camry-ID6ypvMb.html,Camry,Niebieski,4.0,5.0,2023,Hybryda,24873.0,218.0,Sedan,Automatyczna,Na przednie koła,151982.0,Używany,Tak,,218.0,,143212,Autoryzowany Dealer,"[""Skórzana tapicerka"", ""Podgrzewane fotele"", ""System nawigacji satelitarnej"", ""Czujnik deszczu""]",Camry_Executive
https://www.otomoto.pl/osobowe/oferta/toyota-land-cruiser-ID6Zo9ID.html,Land Cruiser,Biały,5.0,5.0,2019,Diesel,27553.0,177.0,SUV,Automatyczna,4x4 (stały),103710.0,Używany,Tak,,,,194104,Firma,"[""Kamera panoramiczna 360"", ""Hak"", ""Blokada mechanizmu różnicowego"", ""Skórzana kierownica""]",Land Cruiser_Executive
https://www.otomoto.pl/osobowe/oferta/toyota-camry-ID6VyOGW.html,Camry,Czarny,4.0,5.0,2023,Hybryda,24873.0,218.0,Sedan,Automatyczna,Na przednie koła,152389.0,Używany,Tak,,218.0,,143122,Autoryzowany Dealer,"[""Skórzana tapicerka"", ""Podgrzewane fotele"", ""System nawigacji satelitarnej"", ""Czujnik deszczu""]",Camry_Executive
https://www.otomoto.pl/osobowe/oferta/toyota-camry-ID6oe3OF.html,Camry,Niebieski,4.0,5.0,2023,Hybryda,24873.0,218.0,Sedan,Automatyczna,Na przednie koła,126629.0,Używany,Tak,,218.0,,143123,Autoryzowany Dealer,"[""Skórzana tapicerka"", ""Podgrzewane fotele"", ""System nawigacji satelitarnej"", ""Czujnik deszczu""]",Camry_Executive
https://www.otomoto.pl/osobowe/oferta/toyota-avensis-ID6TNuqr.html,Avensis,Niebieski,4.0,5.0,2016,Benzyna,17983.0,147.0,Sedan,Manualna,Na przednie koła,98707.0,Używany,Tak,,,,61471,Osoba prywatna,"[""Radio"", ""Klimatyzacja manualna"", ""Elektryczne szyby przednie"", ""ABS"", ""ESP""]",Avensis_Premium
https://www.otomoto.pl/osobowe/oferta/toyota-land-cruiser-ID615z9V.html,Land Cruiser,Szary,5.0,5.0,2019,Diesel,27553.0,177.0,SUV,Automatyczna,4x4 (stały),26747.0,Używany,Tak,,,,201708,Firma,"[""Kamera panoramiczna 360"", ""Hak"", ""Blokada mechanizmu różnicowego"", ""Skórzana kierownica""]",Land Cruiser_Executive
https://www.otomoto.pl/osobowe/oferta/toyota-land-cruiser-ID61y5Mm.html,Land Cruiser,Szary,5.0,5.0,2019,Diesel,27553.0,177.0,SUV,Automatyczna,4x4 (stały),129991.0,Używany,Tak,,,,199060,Firma,"[""Kamera panoramiczna 360"", ""Hak"", ""Blokada mechanizmu różnicowego"", ""Skórzana kierownica""]",Land Cruiser_Executive
https://www.otomoto.pl/osobowe/oferta/toyota-camry-ID6O4wNX.html,Camry,Czarny,4.0,5.0,2023,Hybryda,24873.0,218.0,Sedan,Automatyczna,Na przednie koła,131031.0,Używany,Tak,,218.0,,152639,Autoryzowany Dealer,"[""Skórzana tapicerka"", ""Podgrzewane fotele"", ""System nawigacji satelitarnej"", ""Czujnik deszczu""]",Camry_Executive
https://www.otomoto.pl/osobowe/oferta/toyota-c-hr-ID6oRQ1e.html,C-HR,Czerwony,5.0,5.0,2024,Hybryda,17983.0,140.0,SUV,Automatyczna,Na przednie koła,129513.0,Używany,Tak,95.0,140.0,1.0,123021,Autoryzowany Dealer,"[""Kamera parkowania tył"", ""Klimatyzacja automatyczna: dwustrefowa"", ""Tempomat adaptacyjny ACC""]",C-HR_Style
https://www.otomoto.pl/osobowe/oferta/toyota-land-cruiser-ID6pTDpe.html,Land Cruiser,Szary,5.0,5.0,2019,Diesel,27553.0,177.0,SUV,Automatyczna,4x4 (stały),69994.0,Używany,Tak,,,,197001,Firma,"[""Kamera panoramiczna 360"", ""Hak"", ""Blokada mechanizmu różnicowego"", ""Skórzana kierownica""]",Land Cruiser_Executive
https://www.otomoto.pl/osobowe/oferta/toyota-corolla-ID6xtexP.html,Corolla,Czerwony,5.0,5.0,2022,Hybryda,17983.0,122.0,Kombi,Automatyczna,Na przednie koła,42220.0,Używany,Tak,72.0,122.0,1.0,92996,Firma,"[""Apple CarPlay"", ""Android Auto"", ""Interfejs Bluetooth"", ""Klimatyzacja automatyczna"", ""Kierownica skórzana""]",Corolla_Comfort
https://www.otomoto.pl/osobowe/oferta/toyota-land-cruiser-ID67yjSm.html,Land Cruiser,Srebrny,5.0,5.0,2019,Diesel,27553.0,177.0,SUV,Automatyczna,4x4 (stały),18350.0,Używany,Tak,,,,194251,Firma,"[""Kamera panoramiczna 360"", ""Hak"", ""Blokada mechanizmu różnicowego"", ""Skórzana kierownica""]",Land Cruiser_Executive
https://www.otomoto.pl/osobowe/oferta/toyota-corolla-ID6UUR08.html,Corolla,Niebieski,5.0,5.0,2022,Hybryda,17983.0,122.0,Kombi,Automatyczna,Na przednie koła,134827.0,Używany,Tak,72.0,122.0,1.0,92258,Firma,"[""Apple CarPlay"", ""Android Auto"", ""Interfejs Bluetooth"", ""Klimatyzacja automatyczna"", ""Kierownica skórzana""]",Corolla_Comfort
https://www.otomoto.pl/osobowe/oferta/toyota-avensis-ID6EdJft.html,Avensis,Czerwony,4.0,5.0,2016,Benzyna,17983.0,147.0,Sedan,Manualna,Na przednie koła,175009.0,Używany,Tak,,,,60922,Osoba prywatna,"[""Radio"", ""Klimatyzacja manualna"", ""Elektryczne szyby przednie"", ""ABS"", ""ESP""]",Avensis_Premium
https://www.otomoto.pl/osobowe/oferta/toyota-camry-ID611Qjz.html,Camry,Niebieski,4.0,5.0,2023,Hybryda,24873.0,218.0,Sedan,Automatyczna,Na przednie koła,128218.0,Używany,Tak,,218.0,,154382,Autoryzowany Dealer,"[""Skórzana tapicerka"", ""Podgrzewane fotele"", ""System nawigacji satelitarnej"", ""Czujnik deszczu""]",Camry_Executive
https://www.otomoto.pl/osobowe/oferta/toyota-land-cruiser-ID6SjkPq.html,Land Cruiser,Biały,5.0,5.0,2019,Diesel,27553.0,177.0,SUV,Automatyczna,4x4 (stały),46712.0,Używany,Tak,,,,202128,Firma,"[""Kamera panoramiczna 360"", ""Hak"", ""Blokada mechanizmu różnicowego"", ""Skórzana kierownica""]",Land Cruiser_Executive
https://www.otomoto.pl/osobowe/oferta/toyota-camry-ID6Q5OXk.html,Camry,Brązowy,4.0,5.0,2023,Hybryda,24873.0,218.0,Sedan,Automatyczna,Na przednie koła,80276.0,Używany,Tak,,218.0,,147931,Autoryzowany Dealer,"[""Skórzana tapicerka"", ""Podgrzewane fotele"", ""System nawigacji satelitarnej"", ""Czujnik deszczu""]",Camry_Executive
https://www.otomoto.pl/osobowe/oferta/toyota-camry-ID6ZbllD.html,Camry,Szary,4.0,5.0,2023,Hybryda,24873.0,218.0,Sedan,Automatyczna,Na przednie koła,124110.0,Używany,Tak,,218.0,,149190,Autoryzowany Dealer,"[""Skórzana tapicerka"", ""Podgrzewane fotele"", ""System nawigacji satelitarnej"", ""Czujnik deszczu""]",Camry_Executive
https://www.otomoto.pl/osobowe/oferta/toyota-c-hr-ID6IFuZo.html,C-HR,Szary,5.0,5.0,2024,Hybryda,17983.0,140.0,SUV,Automatyczna,Na przednie koła,166772.0,Używany,Tak,95.0,140.0,1.0,119732,Autoryzowany Dealer,"[""Kamera parkowania tył"", ""Klimatyzacja automatyczna: dwustrefowa"", ""Tempomat adaptacyjny ACC""]",C-HR_Style
https://www.otomoto.pl/osobowe/oferta/toyota-land-cruiser-ID6KyYmz.html,Land Cruiser,Niebieski,5.0,5.0,2019,Diesel,27553.0,177.0,SUV,Automatyczna,4x4 (stały),93916.0,Używany,Tak,,,,158627,Firma,"[""Kamera panoramiczna 360"", ""Hak"", ""Blokada mechanizmu różnicowego"", ""Skórzana kierownica""]",Land Cruiser_Executive
https://www.otomoto.pl/osobowe/oferta/toyota-c-hr-ID6nSuxx.html,C-HR,Brązowy,5.0,5.0,2024,Hybryda,17983.0,140.0,SUV,Automatyczna,Na przednie koła,21929.0,Używany,Tak,95.0,140.0,1.0,120905,Autoryzowany Dealer,"[""Kamera parkowania tył"", ""Klimatyzacja automatyczna: dwustrefowa"", ""Tempomat adaptacyjny ACC""]",C-HR_Style
https://www.otomoto.pl/osobowe/oferta/toyota-avensis-ID6gu35c.html,Avensis,Czarny,4.0,5.0,2016,Benzyna,17983.0,147.0,Sedan,Manualna,Na przednie koła,185863.0,Używany,Tak,,,,58525,Osoba prywatna,"[""Radio"", ""Klimatyzacja manualna"", ""Elektryczne szyby przednie"", ""ABS"", ""ESP""]",Avensis_Premium
https://www.otomoto.pl/osobowe/oferta/toyota-camry-ID6DQoTx.html,Camry,Srebrny,4.0,5.0,2023,Hybryda,24873.0,218.0,Sedan,Automatyczna,Na przednie koła,75746.0,Używany,Tak,,218.0,,116998,Autoryzowany Dealer,"[""Skórzana tapicerka"", ""Podgrzewane fotele"", ""System nawigacji satelitarnej"", ""Czujnik deszczu""]",Camry_Executive
https://www.otomoto.pl/osobowe/oferta/toyota-camry-ID63fvfK.html,Camry,Czarny,4.0,5.0,2023,Hybryda,24873.0,218.0,Sedan,Automatyczna,Na przednie koła,104515.0,Używany,Tak,,218.0,,145724,Autoryzowany Dealer,"[""Skórzana tapicerka"", ""Podgrzewane fotele"", ""System nawigacji satelitarnej"", ""Czujnik deszczu""]",Camry_Executive
https://www.otomoto.pl/osobowe/oferta/toyota-corolla-ID61W5Wu.html,Corolla,Niebieski,5.0,5.0,2022,Hybryda,17983.0,122.0,Kombi,Automatyczna,Na przednie koła,63842.0,Używany,Tak,72.0,122.0,1.0,96688,Firma,"[""Apple CarPlay"", ""Android Auto"", ""Interfejs Bluetooth"", ""Klimatyzacja automatyczna"", ""Kierownica skórzana""]",Corolla_Comfort
https://www.otomoto.pl/osobowe/oferta/toyota-corolla-ID63JSCV.html,Corolla,Czarny,5.0,5.0,2022,Hybryda,17983.0,122.0,Kombi,Automatyczna,Na przednie koła,135176.0,Używany,Tak,72.0,122.0,1.0,96214,Firma,"[""Apple CarPlay"", ""Android Auto"", ""Interfejs Bluetooth"", ""Klimatyzacja automatyczna"", ""Kierownica skórzana""]",Corolla_Comfort
https://www.otomoto.pl/osobowe/oferta/toyota-land-cruiser-ID6ZaE06.html,Land Cruiser,Biały,5.0,5.0,2019,Diesel,27553.0,177.0,SUV,Automatyczna,4x4 (stały),94506.0,Używany,Tak,,,,201017,Firma,"[""Kamera panoramiczna 360"", ""Hak"", ""Blokada mechanizmu różnicowego"", ""Skórzana kierownica""]",Land Cruiser_Executive
https://www.otomoto.pl/osobowe/oferta/toyota-corolla-ID6L3XPG.html,Corolla,Biały,5.0,5.0,2022,Hybryda,17983.0,122.0,Kombi,Automatyczna,Na przednie koła,134081.0,Używany,Tak,72.0,122.0,1.0,94131,Firma,"[""Apple CarPlay"", ""Android Auto"", ""Interfejs Bluetooth"", ""Klimatyzacja automatyczna"", ""Kierownica skórzana""]",Corolla_Comfort
https://www.otomoto.pl/osobowe/oferta/toyota-c-hr-ID6R4AUW.html,C-HR,Biały,5.0,5.0,2024,Hybryda,17983.0,140.0,SUV,Automatyczna,Na przednie koła,57591.0,Używany,Tak,95.0,140.0,1.0,121559,Autoryzowany Dealer,"[""Kamera parkowania tył"", ""Klimatyzacja automatyczna: dwustrefowa"", ""Tempomat adaptacyjny ACC""]",C-HR_Style
https://www.otomoto.pl/osobowe/oferta/toyota-avensis-ID6Zp8sT.html,Avensis,Niebieski,4.0,5.0,2016,Benzyna,17983.0,147.0,Sedan,Manualna,Na przednie koła,72726.0,Używany,Tak,,,,58580,Osoba prywatna,"[""Radio"", ""Klimatyzacja manualna"", ""Elektryczne szyby przednie"", ""ABS"", ""ESP""]",Avensis_Premium
https://www.otomoto.pl/osobowe/oferta/toyota-corolla-ID6Yg9UV.html,Corolla,Brązowy,5.0,5.0,2022,Hybryda,17983.0,122.0,Kombi,Automatyczna,Na przednie koła,151034.0,Używany,Tak,72.0,122.0,1.0,92671,Firma,"[""Apple CarPlay"", ""Android Auto"", ""Interfejs Bluetooth"", ""Klimatyzacja automatyczna"", ""Kierownica skórzana""]",Corolla_Comfort
https://www.otomoto.pl/osobowe/oferta/toyota-c-hr-ID6SDgH6.html,C-HR,Czerwony,5.0,5.0,2024,Hybryda,17983.0,140.0,SUV,Automatyczna,Na przednie koła,145931.0,Używany,Tak,95.0,140.0,1.0,117030,Autoryzowany Dealer,"[""Kamera parkowania tył"", ""Klimatyzacja automatyczna: dwustrefowa"", ""Tempomat adaptacyjny ACC""]",C-HR_Style
https://www.otomoto.pl/osobowe/oferta/toyota-land-cruiser-ID6puFne.html,Land Cruiser,Niebieski,5.0,5.0,2019,Diesel,27553.0,177.0,SUV,Automatyczna,4x4 (stały),101211.0,Używany,Tak,,,,205619,Firma,"[""Kamera panoramiczna 360"", ""Hak"", ""Blokada mechanizmu różnicowego"", ""Skórzana kierownica""]",Land Cruiser_Executive
https://www.otomoto.pl/osobowe/oferta/toyota-land-cruiser-ID60EwrN.html,Land Cruiser,Szary,5.0,5.0,2019,Diesel,27553.0,177.0,SUV,Automatyczna,4x4 (stały),35837.0,Używany,Tak,,,,158225,Firma,"[""Kamera panoramiczna 360"", ""Hak"", ""Blokada mechanizmu różnicowego"", ""Skórzana kierownica""]",Land Cruiser_Executive
https://www.otomoto.pl/osobowe/oferta/toyota-avensis-ID6PTsvV.html,Avensis,Szary,4.0,5.0,2016,Benzyna,17983.0,147.0,Sedan,Manualna,Na przednie koła,113528.0,Używany,Tak,,,,61481,Osoba prywatna,"[""Radio"", ""Klimatyzacja manualna"", ""Elektryczne szyby przednie"", ""ABS"", ""ESP""]",Avensis_Premium
https://www.otomoto.pl/osobowe/oferta/toyota-land-cruiser-ID6u5msV.html,Land Cruiser,Czerwony,5.0,5.0,2019,Diesel,27553.0,177.0,SUV,Automatyczna,4x4 (stały),52723.0,Używany,Tak,,,,204134,Firma,"[""Kamera panoramiczna 360"", ""Hak"", ""Blokada mechanizmu różnicowego"", ""Skórzana kierownica""]",Land Cruiser_Executive
https://www.otomoto.pl/osobowe/oferta/toyota-c-hr-ID6igv63.html,C-HR,Czarny,5.0,5.0,2024,Hybryda,17983.0,140.0,SUV,Automatyczna,Na przednie koła,61384.0,Używany,Tak,95.0,140.0,1.0,122637,Autoryzowany Dealer,"[""Kamera parkowania tył"", ""Klimatyzacja automatyczna: dwustrefowa"", ""Tempomat adaptacyjny ACC""]",C-HR_Style
https://www.otomoto.pl/osobowe/oferta/toyota-c-hr-ID6Gb9py.html,C-HR,Niebieski,5.0,5.0,2024,Hybryda,17983.0,140.0,SUV,Automatyczna,Na przednie koła,111024.0,Używany,Tak,95.0,140.0,1.0,118406,Autoryzowany Dealer,"[""Kamera parkowania tył"", ""Klimatyzacja automatyczna: dwustrefowa"", ""Tempomat adaptacyjny ACC""]",C-HR_Style
https://www.otomoto.pl/osobowe/oferta/toyota-land-cruiser-ID6GlUkQ.html,Land Cruiser,Biały,5.0,5.0,2019,Diesel,27553.0,177.0,SUV,Automatyczna,4x4 (stały),127355.0,Używany,Tak,,,,202379,Firma,"[""Kamera panoramiczna 360"", ""Hak"", ""Blokada mechanizmu różnicowego"", ""Skórzana kierownica""]",Land Cruiser_Executive
https://www.otomoto.pl/osobowe/oferta/toyota-corolla-ID62ob7P.html,Corolla,Szary,5.0,5.0,2022,Hybryda,17983.0,122.0,Kombi,Automatyczna,Na przednie koła,101250.0,Używany,Tak,72.0,122.0,1.0,93315,Firma,"[""Apple CarPlay"", ""Android Auto"", ""Interfejs Bluetooth"", ""Klimatyzacja automatyczna"", ""Kierownica skórzana""]",Corolla_Comfort
https://www.otomoto.pl/osobowe/oferta/toyota-c-hr-ID60x9rx.html,C-HR,Brązowy,5.0,5.0,2024,Hybryda,17983.0,140.0,SUV,Automatyczna,Na przednie koła,36725.0,Używany,Tak,95.0,140.0,1.0,94087,Autoryzowany Dealer,"[""Kamera parkowania tył"", ""Klimatyzacja automatyczna: dwustrefowa"", ""Tempomat adaptacyjny ACC""]",C-HR_Style
https://www.otomoto.pl/osobowe/oferta/toyota-c-hr-ID6glsPb.html,C-HR,Brązowy,5.0,5.0,2024,Hybryda,17983.0,140.0,SUV,Automatyczna,Na przednie koła,128350.0,Używany,Tak,95.0,140.0,1.0,116674,Autoryzowany Dealer,"[""Kamera parkowania tył"", ""Klimatyzacja automatyczna: dwustrefowa"", ""Tempomat adaptacyjny ACC""]",C-HR_Style
https://www.otomoto.pl/osobowe/oferta/toyota-c-hr-ID69laNL.html,C-HR,Czerwony,5.0,5.0,2024,Hybryda,17983.0,140.0,SUV,Automatyczna,Na przednie koła,163743.0,Używany,Tak,95.0,140.0,1.0,118557,Autoryzowany Dealer,"[""Kamera parkowania tył"", ""Klimatyzacja automatyczna: dwustrefowa"", ""Tempomat adaptacyjny ACC""]",C-HR_Style
https://www.otomoto.pl/osobowe/oferta/toyota-camry-ID685c5e.html,Camry,Czerwony,4.0,5.0,2023,Hybryda,24873.0,218.0,Sedan,Automatyczna,Na przednie koła,31207.0,Używany,Tak,,218.0,,154170,Autoryzowany Dealer,"[""Skórzana tapicerka"", ""Podgrzewane fotele"", ""System nawigacji satelitarnej"", ""Czujnik deszczu""]",Camry_Executive
https://www.otomoto.pl/osobowe/oferta/toyota-camry-ID6rFz8P.html,Camry,Czerwony,4.0,5.0,2023,Hybryda,24873.0,218.0,Sedan,Automatyczna,Na przednie koła,68567.0,Używany,Tak,,218.0,,149120,Autoryzowany Dealer,"[""Skórzana tapicerka"", ""Podgrzewane fotele"", ""System nawigacji satelitarnej"", ""Czujnik deszczu""]",Camry_Executive
https://www.otomoto.pl/osobowe/oferta/toyota-avensis-ID609Pje.html,Avensis,Niebieski,4.0,5.0,2016,Benzyna,17983.0,147.0,Sedan,Manualna,Na przednie koła,24255.0,Używany,Tak,,,,60804,Osoba prywatna,"[""Radio"", ""Klimatyzacja manualna"", ""Elektryczne szyby przednie"", ""ABS"", ""ESP""]",Avensis_Premium
https://www.otomoto.pl/osobowe/oferta/toyota-corolla-ID64pgT8.html,Corolla,Srebrny,5.0,5.0,2022,Hybryda,17983.0,122.0,Kombi,Automatyczna,Na przednie koła,156653.0,Używany,Tak,72.0,122.0,1.0,93867,Firma,"[""Apple CarPlay"", ""Android Auto"", ""Interfejs Bluetooth"", ""Klimatyzacja automatyczna"", ""Kierownica skórzana""]",Corolla_Comfort
https://www.otomoto.pl/osobowe/oferta/toyota-camry-ID60gW3N.html,Camry,Czerwony,4.0,5.0,2023,Hybryda,24873.0,218.0,Sedan,Automatyczna,Na przednie koła,177535.0,Używany,Tak,,218.0,,153192,Autoryzowany Dealer,"[""Skórzana tapicerka"", ""Podgrzewane fotele"", ""System nawigacji satelitarnej"", ""Czujnik deszczu""]",Camry_Executive
https://www.otomoto.pl/osobowe/oferta/toyota-corolla-ID6w3nJB.html,Corolla,Szary,5.0,5.0,2022,Hybryda,17983.0,122.0,Kombi,Automatyczna,Na przednie koła,189804.0,Używany,Tak,72.0,122.0,1.0,94927,Firma,"[""Apple CarPlay"", ""Android Auto"", ""Interfejs Bluetooth"", ""Klimatyzacja automatyczna"", ""Kierownica skórzana""]",Corolla_Comfort
https://www.otomoto.pl/osobowe/oferta/toyota-avensis-ID6sck5c.html,Avensis,Niebieski,4.0,5.0,2016,Benzyna,17983.0,147.0,Sedan,Manualna,Na przednie koła,177855.0,Używany,Tak,,,,60808,Osoba prywatna,"[""Radio"", ""Klimatyzacja manualna"", ""Elektryczne szyby przednie"", ""ABS"", ""ESP""]",Avensis_Premium
https://www.otomoto.pl/osobowe/oferta/toyota-corolla-ID6ZBwRe.html,Corolla,Srebrny,5.0,5.0,2022,Hybryda,17983.0,122.0,Kombi,Automatyczna,Na przednie koła,179475.0,Używany,Tak,72.0,122.0,1.0,74421,Firma,"[""Apple CarPlay"", ""Android Auto"", ""Interfejs Bluetooth"", ""Klimatyzacja automatyczna"", ""Kierownica skórzana""]",Corolla_Comfort
https://www.otomoto.pl/osobowe/oferta/toyota-avensis-ID6D4nGm.html,Avensis,Czerwony,4.0,5.0,2016,Benzyna,17983.0,147.0,Sedan,Manualna,Na przednie koła,104258.0,Używany,Tak,,,,58703,Osoba prywatna,"[""Radio"", ""Klimatyzacja manualna"", ""Elektryczne szyby przednie"", ""ABS"", ""ESP""]",Avensis_Premium
https://www.otomoto.pl/osobowe/oferta/toyota-camry-ID6psX3P.html,Camry,Brązowy,4.0,5.0,2023,Hybryda,24873.0,218.0,Sedan,Automatyczna,Na przednie koła,71339.0,Używany,Tak,,218.0,,152058,Autoryzowany Dealer,"[""Skórzana tapicerka"", ""Podgrzewane fotele"", ""System nawigacji satelitarnej"", ""Czujnik deszczu""]",Camry_Executive
https://www.otomoto.pl/osobowe/oferta/toyota-corolla-ID6Co3Ls.html,Corolla,Biały,5.0,5.0,2022,Hybryda,17983.0,122.0,Kombi,Automatyczna,Na przednie koła,118908.0,Używany,Tak,72.0,122.0,1.0,96082,Firma,"[""Apple CarPlay"", ""Android Auto"", ""Interfejs Bluetooth"", ""Klimatyzacja automatyczna"", ""Kierownica skórzana""]",Corolla_Comfort
https://www.otomoto.pl/osobowe/oferta/toyota-corolla-ID6TchtD.html,Corolla,Biały,5.0,5.0,2022,Hybryda,17983.0,122.0,Kombi,Automatyczna,Na przednie koła,176777.0,Używany,Tak,72.0,122.0,1.0,94459,Firma,"[""Apple CarPlay"", ""Android Auto"", ""Interfejs Bluetooth"", ""Klimatyzacja automatyczna"", ""Kierownica skórzana""]",Corolla_Comfort
https://www.otomoto.pl/osobowe/oferta/toyota-land-cruiser-ID64IYmT.html,Land Cruiser,Czerwony,5.0,5.0,2019,Diesel,27553.0,177.0,SUV,Automatyczna,4x4 (stały),145532.0,Używany,Tak,,,,205076,Firma,"[""Kamera panoramiczna 360"", ""Hak"", ""Blokada mechanizmu różnicowego"", ""Skórzana kierownica""]",Land Cruiser_Executive
https://www.otomoto.pl/osobowe/oferta/toyota-land-cruiser-ID6xskUm.html,Land Cruiser,Brązowy,5.0,5.0,2019,Diesel,27553.0,177.0,SUV,Automatyczna,4x4 (stały),160669.0,Używany,Tak,,,,202075,Firma,"[""Kamera panoramiczna 360"", ""Hak"", ""Blokada mechanizmu różnicowego"", ""Skórzana kierownica""]",Land Cruiser_Executive
https://www.otomoto.pl/osobowe/oferta/toyota-land-cruiser-ID6BE8iT.html,Land Cruiser,Brązowy,5.0,5.0,2019,Diesel,27553.0,177.0,SUV,Automatyczna,4x4 (stały),111029.0,Używany,Tak,,,,198392,Firma,"[""Kamera panoramiczna 360"", ""Hak"", ""Blokada mechanizmu różnicowego"", ""Skórzana kierownica""]",Land Cruiser_Executive
https://www.otomoto.pl/osobowe/oferta/toyota-avensis-ID6C6kpj.html,Avensis,Srebrny,4.0,5.0,2016,Benzyna,17983.0,147.0,Sedan,Manualna,Na przednie koła,76877.0,Używany,Tak,,,,59600,Osoba prywatna,"[""Radio"", ""Klimatyzacja manualna"", ""Elektryczne szyby przednie"", ""ABS"", ""ESP""]",Avensis_Premium
https://www.otomoto.pl/osobowe/oferta/toyota-avensis-ID6XDdBn.html,Avensis,Szary,4.0,5.0,2016,Benzyna,17983.0,147.0,Sedan,Manualna,Na przednie koła,116675.0,Używany,Tak,,,,46034,Osoba prywatna,"[""Radio"", ""Klimatyzacja manualna"", ""Elektryczne szyby przednie"", ""ABS"", ""ESP""]",Avensis_Premium
https://www.otomoto.pl/osobowe/oferta/toyota-land-cruiser-ID6Wuk88.html,Land Cruiser,Szary,5.0,5.0,2019,Diesel,27553.0,177.0,SUV,Automatyczna,4x4 (stały),147459.0,Używany,Tak,,,,204206,Firma,"[""Kamera panoramiczna 360"", ""Hak"", ""Blokada mechanizmu różnicowego"", ""Skórzana kierownica""]",Land Cruiser_Executive
https://www.otomoto.pl/osobowe/oferta/toyota-camry-ID6Ywgp2.html,Camry,Niebieski,4.0,5.0,2023,Hybryda,24873.0,218.0,Sedan,Automatyczna,Na przednie koła,139561.0,Używany,Tak,,218.0,,151209,Autoryzowany Dealer,"[""Skórzana tapicerka"", ""Podgrzewane fotele"", ""System nawigacji satelitarnej"", ""Czujnik deszczu""]",Camry_Executive
https://www.otomoto.pl/osobowe/oferta/toyota-camry-ID6PUe1z.html,Camry,Srebrny,4.0,5.0,2023,Hybryda,24873.0,218.0,Sedan,Automatyczna,Na przednie koła,180527.0,Używany,Tak,,218.0,,146721,Autoryzowany Dealer,"[""Skórzana tapicerka"", ""Podgrzewane fotele"", ""System nawigacji satelitarnej"", ""Czujnik deszczu""]",Camry_Executive
https://www.otomoto.pl/osobowe/oferta/toyota-c-hr-ID65XdSi.html,C-HR,Biały,5.0,5.0,2024,Hybryda,17983.0,140.0,SUV,Automatyczna,Na przednie koła,188552.0,Używany,Tak,95.0,140.0,1.0,121740,Autoryzowany Dealer,"[""Kamera parkowania tył"", ""Klimatyzacja automatyczna: dwustrefowa"", ""Tempomat adaptacyjny ACC""]",C-HR_Style
https://www.otomoto.pl/osobowe/oferta/toyota-land-cruiser-ID637Ybc.html,Land Cruiser,Brązowy,5.0,5.0,2019,Diesel,27553.0,177.0,SUV,Automatyczna,4x4 (stały),81464.0,Używany,Tak,,,,199938,Firma,"[""Kamera panoramiczna 360"", ""Hak"", ""Blokada mechanizmu różnicowego"", ""Skórzana kierownica""]",Land Cruiser_Executive
https://www.otomoto.pl/osobowe/oferta/toyota-c-hr-ID6a2aRs.html,C-HR,Srebrny,5.0,5.0,2024,Hybryda,17983.0,140.0,SUV,Automatyczna,Na przednie koła,106114.0,Używany,Tak,95.0,140.0,1.0,119179,Autoryzowany Dealer,"[""Kamera parkowania tył"", ""Klimatyzacja automatyczna: dwustrefowa"", ""Tempomat adaptacyjny ACC""]",C-HR_Style
https://www.otomoto.pl/osobowe/oferta/toyota-corolla-ID6fOoFj.html,Corolla,Srebrny,5.0,5.0,2022,Hybryda,17983.0,122.0,Kombi,Automatyczna,Na przednie koła,26323.0,Używany,Tak,72.0,122.0,1.0,74690,Firma,"[""Apple CarPlay"", ""Android Auto"", ""Interfejs Bluetooth"", ""Klimatyzacja automatyczna"", ""Kierownica skórzana""]",Corolla_Comfort
https://www.otomoto.pl/osobowe/oferta/toyota-land-cruiser-ID62WUfY.html,Land Cruiser,Biały,5.0,5.0,2019,Diesel,27553.0,177.0,SUV,Automatyczna,4x4 (stały),178563.0,Używany,Tak,,,,202242,Firma,"[""Kamera panoramiczna 360"", ""Hak"", ""Blokada mechanizmu różnicowego"", ""Skórzana kierownica""]",Land Cruiser_Executive
https://www.otomoto.pl/osobowe/oferta/toyota-avensis-ID6BtN4f.html,Avensis,Czerwony,4.0,5.0,2016,Benzyna,17983.0,147.0,Sedan,Manualna,Na przednie koła,63624.0,Używany,Tak,,,,47351,Osoba prywatna,"[""Radio"", ""Klimatyzacja manualna"", ""Elektryczne szyby przednie"", ""ABS"", ""ESP""]",Avensis_Premium
https://www.otomoto.pl/osobowe/oferta/toyota-avensis-ID6sLTCf.html,Avensis,Czerwony,4.0,5.0,2016,Benzyna,17983.0,147.0,Sedan,Manualna,Na przednie koła,25976.0,Używany,Tak,,,,59020,Osoba prywatna,"[""Radio"", ""Klimatyzacja manualna"", ""Elektryczne szyby przednie"", ""ABS"", ""ESP""]",Avensis_Premium
https://www.otomoto.pl/osobowe/oferta/toyota-camry-ID6ZOtX6.html,Camry,Szary,4.0,5.0,2023,Hybryda,24873.0,218.0,Sedan,Automatyczna,Na przednie koła,137313.0,Używany,Tak,,218.0,,154197,Autoryzowany Dealer,"[""Skórzana tapicerka"", ""Podgrzewane fotele"", ""System nawigacji satelitarnej"", ""Czujnik deszczu""]",Camry_Executive
https://www.otomoto.pl/osobowe/oferta/toyota-land-cruiser-ID6s9qSt.html,Land Cruiser,Biały,5.0,5.0,2019,Diesel,27553.0,177.0,SUV,Automatyczna,4x4 (stały),15442.0,Używany,Tak,,,,198693,Firma,"[""Kamera panoramiczna 360"", ""Hak"", ""Blokada mechanizmu różnicowego"", ""Skórzana kierownica""]",Land Cruiser_Executive
https://www.otomoto.pl/osobowe/oferta/toyota-avensis-ID66YBjf.html,Avensis,Szary,4.0,5.0,2016,Benzyna,17983.0,147.0,Sedan,Manualna,Na przednie koła,17333.0,Używany,Tak,,,,58709,Osoba prywatna,"[""Radio"", ""Klimatyzacja manualna"", ""Elektryczne szyby przednie"", ""ABS"", ""ESP""]",Avensis_Premium
https://www.otomoto.pl/osobowe/oferta/toyota-corolla-ID69I4dc.html,Corolla,Biały,5.0,5.0,2022,Hybryda,17983.0,122.0,Kombi,Automatyczna,Na przednie koła,56284.0,Używany,Tak,72.0,122.0,1.0,94644,Firma,"[""Apple CarPlay"", ""Android Auto"", ""Interfejs Bluetooth"", ""Klimatyzacja automatyczna"", ""Kierownica skórzana""]",Corolla_Comfort
https://www.otomoto.pl/osobowe/oferta/toyota-corolla-ID6KFOqX.html,Corolla,Czerwony,5.0,5.0,2022,Hybryda,17983.0,122.0,Kombi,Automatyczna,Na przednie koła,93023.0,Używany,Tak,72.0,122.0,1.0,94265,Firma,"[""Apple CarPlay"", ""Android Auto"", ""Interfejs Bluetooth"", ""Klimatyzacja automatyczna"", ""Kierownica skórzana""]",Corolla_Comfort
https://www.otomoto.pl/osobowe/oferta/toyota-corolla-ID6ut7Fe.html,Corolla,Czerwony,5.0,5.0,2022,Hybryda,17983.0,122.0,Kombi,Automatyczna,Na przednie koła,132276.0,Używany,Tak,72.0,122.0,1.0,97536,Firma,"[""Apple CarPlay"", ""Android Auto"", ""Interfejs Bluetooth"", ""Klimatyzacja automatyczna"", ""Kierownica skórzana""]",Corolla_Comfort
https://www.otomoto.pl/osobowe/oferta/toyota-corolla-ID6qEwTP.html,Corolla,Czerwony,5.0,5.0,2022,Hybryda,17983.0,122.0,Kombi,Automatyczna,Na przednie koła,16757.0,Używany,Tak,72.0,122.0,1.0,93168,Firma,"[""Apple CarPlay"", ""Android Auto"", ""Interfejs Bluetooth"", ""Klimatyzacja automatyczna"", ""Kierownica skórzana""]",Corolla_Comfort
https://www.otomoto.pl/osobowe/oferta/toyota-c-hr-ID68zsex.html,C-HR,Czarny,5.0,5.0,2024,Hybryda,17983.0,140.0,SUV,Automatyczna,Na przednie koła,177482.0,Używany,Tak,95.0,140.0,1.0,121803,Autoryzowany Dealer,"[""Kamera parkowania tył"", ""Klimatyzacja automatyczna: dwustrefowa"", ""Tempomat adaptacyjny ACC""]",C-HR_Style
https://www.otomoto.pl/osobowe/oferta/toyota-land-cruiser-ID6CK4Z2.html,Land Cruiser,Czerwony,5.0,5.0,2019,Diesel,27553.0,177.0,SUV,Automatyczna,4x4 (stały),153358.0,Używany,Tak,,,,197027,Firma,"[""Kamera panoramiczna 360"", ""Hak"", ""Blokada mechanizmu różnicowego"", ""Skórzana kierownica""]",Land Cruiser_Executive
https://www.otomoto.pl/osobowe/oferta/toyota-avensis-ID6ZhyNV.html,Avensis,Brązowy,4.0,5.0,2016,Benzyna,17983.0,147.0,Sedan,Manualna,Na przednie koła,24471.0,Używany,Tak,,,,59213,Osoba prywatna,"[""Radio"", ""Klimatyzacja manualna"", ""Elektryczne szyby przednie"", ""ABS"", ""ESP""]",Avensis_Premium
https://www.otomoto.pl/osobowe/oferta/toyota-camry-ID6xIs71.html,Camry,Brązowy,4.0,5.0,2023,Hybryda,24873.0,218.0,Sedan,Automatyczna,Na przednie koła,181789.0,Używany,Tak,,218.0,,145803,Autoryzowany Dealer,"[""Skórzana tapicerka"", ""Podgrzewane fotele"", ""System nawigacji satelitarnej"", ""Czujnik deszczu""]",Camry_Executive
https://www.otomoto.pl/osobowe/oferta/toyota-corolla-ID6y1jsc.html,Corolla,Niebieski,5.0,5.0,2022,Hybryda,17983.0,122.0,Kombi,Automatyczna,Na przednie koła,156959.0,Używany,Tak,72.0,122.0,1.0,96032,Firma,"[""Apple CarPlay"", ""Android Auto"", ""Interfejs Bluetooth"", ""Klimatyzacja automatyczna"", ""Kierownica skórzana""]",Corolla_Comfort
https://www.otomoto.pl/osobowe/oferta/toyota-camry-ID6fopPz.html,Camry,Czerwony,4.0,5.0,2023,Hybryda,24873.0,218.0,Sedan,Automatyczna,Na przednie koła,184469.0,Używany,Tak,,218.0,,149256,Autoryzowany Dealer,"[""Skórzana tapicerka"", ""Podgrzewane fotele"", ""System nawigacji satelitarnej"", ""Czujnik deszczu""]",Camry_Executive
https://www.otomoto.pl/osobowe/oferta/toyota-corolla-ID6Y9iYR.html,Corolla,Szary,5.0,5.0,2022,Hybryda,17983.0,122.0,Kombi,Automatyczna,Na przednie koła,180895.0,Używany,Tak,72.0,122.0,1.0,93159,Firma,"[""Apple CarPlay"", ""Android Auto"", ""Interfejs Bluetooth"", ""Klimatyzacja automatyczna"", ""Kierownica skórzana""]",Corolla_Comfort
https://www.otomoto.pl/osobowe/oferta/toyota-corolla-ID6lRu9z.html,Corolla,Biały,5.0,5.0,2022,Hybryda,17983.0,122.0,Kombi,Automatyczna,Na przednie koła,87941.0,Używany,Tak,72.0,122.0,1.0,93758,Firma,"[""Apple CarPlay"", ""Android Auto"", ""Interfejs Bluetooth"", ""Klimatyzacja automatyczna"", ""Kierownica skórzana""]",Corolla_Comfort
https://www.otomoto.pl/osobowe/oferta/toyota-camry-ID6iBn7T.html,Camry,Biały,4.0,5.0,2023,Hybryda,24873.0,218.0,Sedan,Automatyczna,Na przednie koła,142150.0,Używany,Tak,,218.0,,150574,Autoryzowany Dealer,"[""Skórzana tapicerka"", ""Podgrzewane fotele"", ""System nawigacji satelitarnej"", ""Czujnik deszczu""]",Camry_Executive
https://www.otomoto.pl/osobowe/oferta/toyota-land-cruiser-ID6BLQnW.html,Land Cruiser,Srebrny,5.0,5.0,2019,Diesel,27553.0,177.0,SUV,Automatyczna,4x4 (stały),182190.0,Używany,Tak,,,,194740,Firma,"[""Kamera panoramiczna 360"", ""Hak"", ""Blokada mechanizmu różnicowego"", ""Skórzana kierownica""]",Land Cruiser_Executive
https://www.otomoto.pl/osobowe/oferta/toyota-c-hr-ID6lZBIW.html,C-HR,Czarny,5.0,5.0,2024,Hybryda,17983.0,140.0,SUV,Automatyczna,Na przednie koła,181227.0,Używany,Tak,95.0,140.0,1.0,123113,Autoryzowany Dealer,"[""Kamera parkowania tył"", ""Klimatyzacja automatyczna: dwustrefowa"", ""Tempomat adaptacyjny ACC""]",C-HR_Style
https://www.otomoto.pl/osobowe/oferta/toyota-avensis-ID6tvRnc.html,Avensis,Niebieski,4.0,5.0,2016,Benzyna,17983.0,147.0,Sedan,Manualna,Na przednie koła,119621.0,Używany,Tak,,,,60045,Osoba prywatna,"[""Radio"", ""Klimatyzacja manualna"", ""Elektryczne szyby przednie"", ""ABS"", ""ESP""]",Avensis_Premium
https://www.otomoto.pl/osobowe/oferta/toyota-camry-ID6lc9K5.html,Camry,Czarny,4.0,5.0,2023,Hybryda,24873.0,218.0,Sedan,Automatyczna,Na przednie koła,39120.0,Używany,Tak,,218.0,,153620,Autoryzowany Dealer,"[""Skórzana tapicerka"", ""Podgrzewane fotele"", ""System nawigacji satelitarnej"", ""Czujnik deszczu""]",Camry_Executive
https://www.otomoto.pl/osobowe/oferta/toyota-land-cruiser-ID6FHl0P.html,Land Cruiser,Brązowy,5.0,5.0,2019,Diesel,27553.0,177.0,SUV,Automatyczna,4x4 (stały),20615.0,Używany,Tak,,,,204146,Firma,"[""Kamera panoramiczna 360"", ""Hak"", ""Blokada mechanizmu różnicowego"", ""Skórzana kierownica""]",Land Cruiser_Executive
https://www.otomoto.pl/osobowe/oferta/toyota-c-hr-ID6LDmER.html,C-HR,Szary,5.0,5.0,2024,Hybryda,17983.0,140.0,SUV,Automatyczna,Na przednie koła,25605.0,Używany,Tak,95.0,140.0,1.0,119221,Autoryzowany Dealer,"[""Kamera parkowania tył"", ""Klimatyzacja automatyczna: dwustrefowa"", ""Tempomat adaptacyjny ACC""]",C-HR_Style
https://www.otomoto.pl/osobowe/oferta/toyota-camry-ID6rI7rt.html,Camry,Brązowy,4.0,5.0,2023,Hybryda,24873.0,218.0,Sedan,Automatyczna,Na przednie koła,32149.0,Używany,Tak,,218.0,,152363,Autoryzowany Dealer,"[""Skórzana tapicerka"", ""Podgrzewane fotele"", ""System nawigacji satelitarnej"", ""Czujnik deszczu""]",Camry_Executive
https://www.otomoto.pl/osobowe/oferta/toyota-c-hr-ID6oi1kl.html,C-HR,Srebrny,5.0,5.0,2024,Hybryda,17983.0,140.0,SUV,Automatyczna,Na przednie koła,41572.0,Używany,Tak,95.0,140.0,1.0,120287,Autoryzowany Dealer,"[""Kamera parkowania tył"", ""Klimatyzacja automatyczna: dwustrefowa"", ""Tempomat adaptacyjny ACC""]",C-HR_Style
https://www.otomoto.pl/osobowe/oferta/toyota-c-hr-ID6tSU9i.html,C-HR,Niebieski,5.0,5.0,2024,Hybryda,17983.0,140.0,SUV,Automatyczna,Na przednie koła,183169.0,Używany,Tak,95.0,140.0,1.0,118683,Autoryzowany Dealer,"[""Kamera parkowania tył"", ""Klimatyzacja automatyczna: dwustrefowa"", ""Tempomat adaptacyjny ACC""]",C-HR_Style
https://www.otomoto.pl/osobowe/oferta/toyota-avensis-ID6ydHjA.html,Avensis,Brązowy,4.0,5.0,2016,Benzyna,17983.0,147.0,Sedan,Manualna,Na przednie koła,76667.0,Używany,Tak,,,,58485,Osoba prywatna,"[""Radio"", ""Klimatyzacja manualna"", ""Elektryczne szyby przednie"", ""ABS"", ""ESP""]",Avensis_Premium
https://www.otomoto.pl/osobowe/oferta/toyota-avensis-ID6FhDxm.html,Avensis,Szary,4.0,5.0,2016,Benzyna,17983.0,147.0,Sedan,Manualna,Na przednie koła,174709.0,Używany,Tak,,,,61103,Osoba prywatna,"[""Radio"", ""Klimatyzacja manualna"", ""Elektryczne szyby przednie"", ""ABS"", ""ESP""]",Avensis_Premium
https://www.otomoto.pl/osobowe/oferta/toyota-c-hr-ID66teD6.html,C-HR,Brązowy,5.0,5.0,2024,Hybryda,17983.0,140.0,SUV,Automatyczna,Na przednie koła,146559.0,Używany,Tak,95.0,140.0,1.0,94395,Autoryzowany Dealer,"[""Kamera parkowania tył"", ""Klimatyzacja automatyczna: dwustrefowa"", ""Tempomat adaptacyjny ACC""]",C-HR_Style
https://www.otomoto.pl/osobowe/oferta/toyota-avensis-ID6ASwZp.html,Avensis,Szary,4.0,5.0,2016,Benzyna,17983.0,147.0,Sedan,Manualna,Na przednie koła,66164.0,Używany,Tak,,,,60227,Osoba prywatna,"[""Radio"", ""Klimatyzacja manualna"", ""Elektryczne szyby przednie"", ""ABS"", ""ESP""]",Avensis_Premium
https://www.otomoto.pl/osobowe/oferta/toyota-c-hr-ID63ZeZi.html,C-HR,Brązowy,5.0,5.0,2024,Hybryda,17983.0,140.0,SUV,Automatyczna,Na przednie koła,142231.0,Używany,Tak,95.0,140.0,1.0,118727,Autoryzowany Dealer,"[""Kamera parkowania tył"", ""Klimatyzacja automatyczna: dwustrefowa"", ""Tempomat adaptacyjny ACC""]",C-HR_Style
https://www.otomoto.pl/osobowe/oferta/toyota-avensis-ID6hn0jq.html,Avensis,Czerwony,4.0,5.0,2016,Benzyna,17983.0,147.0,Sedan,Manualna,Na przednie koła,59163.0,Używany,Tak,,,,61611,Osoba prywatna,"[""Radio"", ""Klimatyzacja manualna"", ""Elektryczne szyby przednie"", ""ABS"", ""ESP""]",Avensis_Premium
https://www.otomoto.pl/osobowe/oferta/toyota-avensis-ID6OBEop.html,Avensis,Srebrny,4.0,5.0,2016,Benzyna,17983.0,147.0,Sedan,Manualna,Na przednie koła,121880.0,Używany,Tak,,,,58706,Osoba prywatna,"[""Radio"", ""Klimatyzacja manualna"", ""Elektryczne szyby przednie"", ""ABS"", ""ESP""]",Avensis_Premium
https://www.otomoto.pl/osobowe/oferta/toyota-camry-ID6aIdSL.html,Camry,Biały,4.0,5.0,2023,Hybryda,24873.0,218.0,Sedan,Automatyczna,Na przednie koła,92533.0,Używany,Tak,,218.0,,112503,Autoryzowany Dealer,"[""Skórzana tapicerka"", ""Podgrzewane fotele"", ""System nawigacji satelitarnej"", ""Czujnik deszczu""]",Camry_Executive
https://www.otomoto.pl/osobowe/oferta/toyota-c-hr-ID64Cyto.html,C-HR,Czerwony,5.0,5.0,2024,Hybryda,17983.0,140.0,SUV,Automatyczna,Na przednie koła,78634.0,Używany,Tak,95.0,140.0,1.0,120745,Autoryzowany Dealer,"[""Kamera parkowania tył"", ""Klimatyzacja automatyczna: dwustrefowa"", ""Tempomat adaptacyjny ACC""]",C-HR_Style
https://www.otomoto.pl/osobowe/oferta/toyota-avensis-ID6DXzJl.html,Avensis,Biały,4.0,5.0,2016,Benzyna,17983.0,147.0,Sedan,Manualna,Na przednie koła,122022.0,Używany,Tak,,,,58783,Osoba prywatna,"[""Radio"", ""Klimatyzacja manualna"", ""Elektryczne szyby przednie"", ""ABS"", ""ESP""]",Avensis_Premium
https://www.otomoto.pl/osobowe/oferta/toyota-camry-ID6b6cFj.html,Camry,Czerwony,4.0,5.0,2023,Hybryda,24873.0,218.0,Sedan,Automatyczna,Na przednie koła,108860.0,Używany,Tak,,218.0,,152492,Autoryzowany Dealer,"[""Skórzana tapicerka"", ""Podgrzewane fotele"", ""System nawigacji satelitarnej"", ""Czujnik deszczu""]",Camry_Executive
https://www.otomoto.pl/osobowe/oferta/toyota-c-hr-ID6Jv9a1.html,C-HR,Czarny,5.0,5.0,2024,Hybryda,17983.0,140.0,SUV,Automatyczna,Na przednie koła,48920.0,Używany,Tak,95.0,140.0,1.0,119400,Autoryzowany Dealer,"[""Kamera parkowania tył"", ""Klimatyzacja automatyczna: dwustrefowa"", ""Tempomat adaptacyjny ACC""]",C-HR_Style
https://www.otomoto.pl/osobowe/oferta/toyota-corolla-ID6Kp2w9.html,Corolla,Srebrny,5.0,5.0,2022,Hybryda,17983.0,122.0,Kombi,Automatyczna,Na przednie koła,72300.0,Używany,Tak,72.0,122.0,1.0,94800,Firma,"[""Apple CarPlay"", ""Android Auto"", ""Interfejs Bluetooth"", ""Klimatyzacja automatyczna"", ""Kierownica skórzana""]",Corolla_Comfort
https://www.otomoto.pl/osobowe/oferta/toyota-camry-ID6Mx4q2.html,Camry,Szary,4.0,5.0,2023,Hybryda,24873.0,218.0,Sedan,Automatyczna,Na przednie koła,88450.0,Używany,Tak,,218.0,,148900,Autoryzowany Dealer,"[""Skórzana tapicerka"", ""Podgrzewane fotele"", ""System nawigacji satelitarnej"", ""Czujnik deszczu""]",Camry_Executive
https://www.otomoto.pl/osobowe/oferta/toyota-avensis-ID6Lt7x1.html,Avensis,Czarny,4.0,5.0,2016,Benzyna,17983.0,147.0,Sedan,Manualna,Na przednie koła,141200.0,Używany,Tak,,,,45600,Osoba prywatna,"[""Radio"", ""Klimatyzacja manualna"", ""Elektryczne szyby przednie"", ""ABS"", ""ESP""]",Avensis_Premium
https://www.otomoto.pl/osobowe/oferta/toyota-land-cruiser-ID6Nb8e3.html,Land Cruiser,Biały,5.0,5.0,2019,Diesel,27553.0,177.0,SUV,Automatyczna,4x4 (stały),112400.0,Używany,Tak,,,,197500,Firma,"[""Kamera panoramiczna 360"", ""Hak"", ""Blokada mechanizmu różnicowego"", ""Skórzana kierownica""]",Land Cruiser_Executive
https://www.otomoto.pl/osobowe/oferta/toyota-corolla-ID6Pq3r8.html,Corolla,Biały,5.0,5.0,2022,Hybryda,17983.0,122.0,Kombi,Automatyczna,Na przednie koła,64100.0,Używany,Tak,72.0,122.0,1.0,73500,Firma,"[""Apple CarPlay"", ""Android Auto"", ""Interfejs Bluetooth"", ""Klimatyzacja automatyczna"", ""Kierownica skórzana""]",Corolla_Comfort
https://www.otomoto.pl/osobowe/oferta/toyota-c-hr-ID6Qw1y4.html,C-HR,Niebieski,5.0,5.0,2024,Hybryda,17983.0,140.0,SUV,Automatyczna,Na przednie koła,39800.0,Używany,Tak,95.0,140.0,1.0,121200,Autoryzowany Dealer,"[""Kamera parkowania tył"", ""Klimatyzacja automatyczna: dwustrefowa"", ""Tempomat adaptacyjny ACC""]",C-HR_Style
https://www.otomoto.pl/osobowe/oferta/toyota-camry-ID6Rz9m7.html,Camry,Czarny,4.0,5.0,2023,Hybryda,24873.0,218.0,Sedan,Automatyczna,Na przednie koła,115600.0,Używany,Tak,,218.0,,151400,Autoryzowany Dealer,"[""Skórzana tapicerka"", ""Podgrzewane fotele"", ""System nawigacji satelitarnej"", ""Czujnik deszczu""]",Camry_Executive
https://www.otomoto.pl/osobowe/oferta/toyota-avensis-ID6St5k6.html,Avensis,Srebrny,4.0,5.0,2016,Benzyna,17983.0,147.0,Sedan,Manualna,Na przednie koła,129800.0,Używany,Tak,,,,59800,Osoba prywatna,"[""Radio"", ""Klimatyzacja manualna"", ""Elektryczne szyby przednie"", ""ABS"", ""ESP""]",Avensis_Premium
https://www.otomoto.pl/osobowe/oferta/toyota-land-cruiser-ID6Tx8j5.html,Land Cruiser,Czarny,5.0,5.0,2019,Diesel,27553.0,177.0,SUV,Automatyczna,4x4 (stały),85300.0,Używany,Tak,,,,202000,Firma,"[""Kamera panoramiczna 360"", ""Hak"", ""Blokada mechanizmu różnicowego"", ""Skórzana kierownica""]",Land Cruiser_Executive
https://www.otomoto.pl/osobowe/oferta/toyota-corolla-ID6Uy2v1.html,Corolla,Szary,5.0,5.0,2022,Hybryda,17983.0,122.0,Kombi,Automatyczna,Na przednie koła,98700.0,Używany,Tak,72.0,122.0,1.0,93500,Firma,"[""Apple CarPlay"", ""Android Auto"", ""Interfejs Bluetooth"", ""Klimatyzacja automatyczna"", ""Kierownica skórzana""]",Corolla_Comfort
https://www.otomoto.pl/osobowe/oferta/toyota-c-hr-ID6Vw4n9.html,C-HR,Szary,5.0,5.0,2024,Hybryda,17983.0,140.0,SUV,Automatyczna,Na przednie koła,54200.0,Używany,Tak,95.0,140.0,1.0,92400,Autoryzowany Dealer,"[""Kamera parkowania tył"", ""Klimatyzacja automatyczna: dwustrefowa"", ""Tempomat adaptacyjny ACC""]",C-HR_Style
https://www.otomoto.pl/osobowe/oferta/toyota-camry-ID6Wb7p3.html,Camry,Srebrny,4.0,5.0,2023,Hybryda,24873.0,218.0,Sedan,Automatyczna,Na przednie koła,67900.0,Używany,Tak,,218.0,,149800,Autoryzowany Dealer,"[""Skórzana tapicerka"", ""Podgrzewane fotele"", ""System nawigacji satelitarnej"", ""Czujnik deszczu""]",Camry_Executive
https://www.otomoto.pl/osobowe/oferta/toyota-avensis-ID6Xc3m8.html,Avensis,Szary,4.0,5.0,2016,Benzyna,17983.0,147.0,Sedan,Manualna,Na przednie koła,158400.0,Używany,Tak,,,,58900,Osoba prywatna,"[""Radio"", ""Klimatyzacja manualna"", ""Elektryczne szyby przednie"", ""ABS"", ""ESP""]",Avensis_Premium
https://www.otomoto.pl/osobowe/oferta/toyota-land-cruiser-ID6Yd9q2.html,Land Cruiser,Szary,5.0,5.0,2019,Diesel,27553.0,177.0,SUV,Automatyczna,4x4 (stały),143100.0,Używany,Tak,,,,154000,Firma,"[""Kamera panoramiczna 360"", ""Hak"", ""Blokada mechanizmu różnicowego"", ""Skórzana kierownica""]",Land Cruiser_Executive
https://www.otomoto.pl/osobowe/oferta/toyota-corolla-ID6Zk1s7.html,Corolla,Czarny,5.0,5.0,2022,Hybryda,17983.0,122.0,Kombi,Automatyczna,Na przednie koła,81500.0,Używany,Tak,72.0,122.0,1.0,95200,Firma,"[""Apple CarPlay"", ""Android Auto"", ""Interfejs Bluetooth"", ""Klimatyzacja automatyczna"", ""Kierownica skórzana""]",Corolla_Comfort
https://www.otomoto.pl/osobowe/oferta/toyota-c-hr-ID6Am5t4.html,C-HR,Biały,5.0,5.0,2024,Hybryda,17983.0,140.0,SUV,Automatyczna,Na przednie koła,33600.0,Używany,Tak,95.0,140.0,1.0,122500,Autoryzowany Dealer,"[""Kamera parkowania tył"", ""Klimatyzacja automatyczna: dwustrefowa"", ""Tempomat adaptacyjny ACC""]",C-HR_Style
https://www.otomoto.pl/osobowe/oferta/toyota-camry-ID6Bn8w1.html,Camry,Biały,4.0,5.0,2023,Hybryda,24873.0,218.0,Sedan,Automatyczna,Na przednie koła,95200.0,Używany,Tak,,218.0,,153200,Autoryzowany Dealer,"[""Skórzana tapicerka"", ""Podgrzewane fotele"", ""System nawigacji satelitarnej"", ""Czujnik deszczu""]",Camry_Executive
https://www.otomoto.pl/osobowe/oferta/toyota-avensis-ID6Cp2x6.html,Avensis,Niebieski,4.0,5.0,2016,Benzyna,17983.0,147.0,Sedan,Manualna,Na przednie koła,103400.0,Używany,Tak,,,,60500,Osoba prywatna,"[""Radio"", ""Klimatyzacja manualna"", ""Elektryczne szyby przednie"", ""ABS"", ""ESP""]",Avensis_Premium
https://www.otomoto.pl/osobowe/oferta/toyota-land-cruiser-ID6Dq7z5.html,Land Cruiser,Srebrny,5.0,5.0,2019,Diesel,27553.0,177.0,SUV,Automatyczna,4x4 (stały),76800.0,Używany,Tak,,,,198900,Firma,"[""Kamera panoramiczna 360"", ""Hak"", ""Blokada mechanizmu różnicowego"", ""Skórzana kierownica""]",Land Cruiser_Executive
https://www.otomoto.pl/osobowe/oferta/toyota-corolla-ID6Er4m3.html,Corolla,Niebieski,5.0,5.0,2022,Hybryda,17983.0,122.0,Kombi,Automatyczna,Na przednie koła,121900.0,Używany,Tak,72.0,122.0,1.0,93800,Firma,"[""Apple CarPlay"", ""Android Auto"", ""Interfejs Bluetooth"", ""Klimatyzacja automatyczna"", ""Kierownica skórzana""]",Corolla_Comfort
https://www.otomoto.pl/osobowe/oferta/toyota-c-hr-ID6Fs9k8.html,C-HR,Czerwony,5.0,5.0,2024,Hybryda,17983.0,140.0,SUV,Automatyczna,Na przednie koła,62400.0,Używany,Tak,95.0,140.0,1.0,118900,Autoryzowany Dealer,"[""Kamera parkowania tył"", ""Klimatyzacja automatyczna: dwustrefowa"", ""Tempomat adaptacyjny ACC""]",C-HR_Style
https://www.otomoto.pl/osobowe/oferta/toyota-camry-ID6Gt1v2.html,Camry,Brązowy,4.0,5.0,2023,Hybryda,24873.0,218.0,Sedan,Automatyczna,Na przednie koła,142800.0,Używany,Tak,,218.0,,114500,Autoryzowany Dealer,"[""Skórzana tapicerka"", ""Podgrzewane fotele"", ""System nawigacji satelitarnej"", ""Czujnik deszczu""]",Camry_Executive
https://www.otomoto.pl/osobowe/oferta/toyota-avensis-ID6Hu6p7.html,Avensis,Biały,4.0,5.0,2016,Benzyna,17983.0,147.0,Sedan,Manualna,Na przednie koła,88900.0,Używany,Tak,,,,59400,Osoba prywatna,"[""Radio"", ""Klimatyzacja manualna"", ""Elektryczne szyby przednie"", ""ABS"", ""ESP""]",Avensis_Premium
https://www.otomoto.pl/osobowe/oferta/toyota-land-cruiser-ID6Iv3y1.html,Land Cruiser,Biały,5.0,5.0,2019,Diesel,27553.0,177.0,SUV,Automatyczna,4x4 (stały),164500.0,Używany,Tak,,,,195800,Firma,"[""Kamera panoramiczna 360"", ""Hak"", ""Blokada mechanizmu różnicowego"", ""Skórzana kierownica""]",Land Cruiser_Executive
https://www.otomoto.pl/osobowe/oferta/toyota-corolla-ID6Jw8b4.html,Corolla,Srebrny,5.0,5.0,2022,Hybryda,17983.0,122.0,Kombi,Automatyczna,Na przednie koła,47500.0,Używany,Tak,72.0,122.0,1.0,96100,Firma,"[""Apple CarPlay"", ""Android Auto"", ""Interfejs Bluetooth"", ""Klimatyzacja automatyczna"", ""Kierownica skórzana""]",Corolla_Comfort
https://www.otomoto.pl/osobowe/oferta/toyota-c-hr-ID6Kx2c9.html,C-HR,Czarny,5.0,5.0,2024,Hybryda,17983.0,140.0,SUV,Automatyczna,Na przednie koła,91200.0,Używany,Tak,95.0,140.0,1.0,120400,Autoryzowany Dealer,"[""Kamera parkowania tył"", ""Klimatyzacja automatyczna: dwustrefowa"", ""Tempomat adaptacyjny ACC""]",C-HR_Style
https://www.otomoto.pl/osobowe/oferta/toyota-camry-ID6Ly5d6.html,Camry,Niebieski,4.0,5.0,2023,Hybryda,24873.0,218.0,Sedan,Automatyczna,Na przednie koła,58300.0,Używany,Tak,,218.0,,152900,Autoryzowany Dealer,"[""Skórzana tapicerka"", ""Podgrzewane fotele"", ""System nawigacji satelitarnej"", ""Czujnik deszczu""]",Camry_Executive
https://www.otomoto.pl/osobowe/oferta/toyota-avensis-ID6Mz9f3.html,Avensis,Czerwony,4.0,5.0,2016,Benzyna,17983.0,147.0,Sedan,Manualna,Na przednie koła,167100.0,Używany,Tak,,,,61200,Osoba prywatna,"[""Radio"", ""Klimatyzacja manualna"", ""Elektryczne szyby przednie"", ""ABS"", ""ESP""]",Avensis_Premium
https://www.otomoto.pl/osobowe/oferta/toyota-land-cruiser-ID6Na4g8.html,Land Cruiser,Brązowy,5.0,5.0,2019,Diesel,27553.0,177.0,SUV,Automatyczna,4x4 (stały),99200.0,Używany,Tak,,,,203400,Firma,"[""Kamera panoramiczna 360"", ""Hak"", ""Blokada mechanizmu różnicowego"", ""Skórzana kierownica""]",Land Cruiser_Executive
https://www.otomoto.pl/osobowe/oferta/toyota-corolla-ID6Pb7h2.html,Corolla,Biały,5.0,5.0,2022,Hybryda,17983.0,122.0,Kombi,Automatyczna,Na przednie koła,109300.0,Używany,Tak,72.0,122.0,1.0,72900,Firma,"[""Apple CarPlay"", ""Android Auto"", ""Interfejs Bluetooth"", ""Klimatyzacja automatyczna"", ""Kierownica skórzana""]",Corolla_Comfort
https://www.otomoto.pl/osobowe/oferta/toyota-c-hr-ID6Qc1j7.html,C-HR,Srebrny,5.0,5.0,2024,Hybryda,17983.0,140.0,SUV,Automatyczna,Na przednie koła,78400.0,Używany,Tak,95.0,140.0,1.0,119800,Autoryzowany Dealer,"[""Kamera parkowania tył"", ""Klimatyzacja automatyczna: dwustrefowa"", ""Tempomat adaptacyjny ACC""]",C-HR_Style
https://www.otomoto.pl/osobowe/oferta/toyota-camry-ID6Rd6k5.html,Camry,Szary,4.0,5.0,2023,Hybryda,24873.0,218.0,Sedan,Automatyczna,Na przednie koła,123600.0,Używany,Tak,,218.0,,148500,Autoryzowany Dealer,"[""Skórzana tapicerka"", ""Podgrzewane fotele"", ""System nawigacji satelitarnej"", ""Czujnik deszczu""]",Camry_Executive
https://www.otomoto.pl/osobowe/oferta/toyota-avensis-ID6Se8m1.html,Avensis,Czarny,4.0,5.0,2016,Benzyna,17983.0,147.0,Sedan,Manualna,Na przednie koła,91500.0,Używany,Tak,,,,46200,Osoba prywatna,"[""Radio"", ""Klimatyzacja manualna"", ""Elektryczne szyby przednie"", ""ABS"", ""ESP""]",Avensis_Premium
https://www.otomoto.pl/osobowe/oferta/toyota-land-cruiser-ID6Tf3n4.html,Land Cruiser,Czarny,5.0,5.0,2019,Diesel,27553.0,177.0,SUV,Automatyczna,4x4 (stały),138700.0,Używany,Tak,,,,196700,Firma,"[""Kamera panoramiczna 360"", ""Hak"", ""Blokada mechanizmu różnicowego"", ""Skórzana kierownica""]",Land Cruiser_Executive
https://www.otomoto.pl/osobowe/oferta/toyota-corolla-ID6Ug5p9.html,Corolla,Szary,5.0,5.0,2022,Hybryda,17983.0,122.0,Kombi,Automatyczna,Na przednie koła,58900.0,Używany,Tak,72.0,122.0,1.0,95600,Firma,"[""Apple CarPlay"", ""Android Auto"", ""Interfejs Bluetooth"", ""Klimatyzacja automatyczna"", ""Kierownica skórzana""]",Corolla_Comfort
https://www.otomoto.pl/osobowe/oferta/toyota-c-hr-ID6Vh9r6.html,C-HR,Brązowy,5.0,5.0,2024,Hybryda,17983.0,140.0,SUV,Automatyczna,Na przednie koła,102300.0,Używany,Tak,95.0,140.0,1.0,121900,Autoryzowany Dealer,"[""Kamera parkowania tył"", ""Klimatyzacja automatyczna: dwustrefowa"", ""Tempomat adaptacyjny ACC""]",C-HR_Style
https://www.otomoto.pl/osobowe/oferta/toyota-camry-ID6Wj2s3.html,Camry,Czarny,4.0,5.0,2023,Hybryda,24873.0,218.0,Sedan,Automatyczna,Na przednie koła,87100.0,Używany,Tak,,218.0,,150900,Autoryzowany Dealer,"[""Skórzana tapicerka"", ""Podgrzewane fotele"", ""System nawigacji satelitarnej"", ""Czujnik deszczu""]",Camry_Executive
https://www.otomoto.pl/osobowe/oferta/toyota-avensis-ID6Xk7t8.html,Avensis,Srebrny,4.0,5.0,2016,Benzyna,17983.0,147.0,Sedan,Manualna,Na przednie koła,149200.0,Używany,Tak,,,,59100,Osoba prywatna,"[""Radio"", ""Klimatyzacja manualna"", ""Elektryczne szyby przednie"", ""ABS"", ""ESP""]",Avensis_Premium
https://www.otomoto.pl/osobowe/oferta/toyota-land-cruiser-ID6Ym1v5.html,Land Cruiser,Niebieski,5.0,5.0,2019,Diesel,27553.0,177.0,SUV,Automatyczna,4x4 (stały),105400.0,Używany,Tak,,,,152000,Firma,"[""Kamera panoramiczna 360"", ""Hak"", ""Blokada mechanizmu różnicowego"", ""Skórzana kierownica""]",Land Cruiser_Executive
https://www.otomoto.pl/osobowe/oferta/toyota-corolla-ID6Zn4w2.html,Corolla,Niebieski,5.0,5.0,2022,Hybryda,17983.0,122.0,Kombi,Automatyczna,Na przednie koła,127600.0,Używany,Tak,72.0,122.0,1.0,94200,Firma,"[""Apple CarPlay"", ""Android Auto"", ""Interfejs Bluetooth"", ""Klimatyzacja automatyczna"", ""Kierownica skórzana""]",Corolla_Comfort
https://www.otomoto.pl/osobowe/oferta/toyota-c-hr-ID6Ap8x7.html,C-HR,Niebieski,5.0,5.0,2024,Hybryda,17983.0,140.0,SUV,Automatyczna,Na przednie koła,44700.0,Używany,Tak,95.0,140.0,1.0,93500,Autoryzowany Dealer,"[""Kamera parkowania tył"", ""Klimatyzacja automatyczna: dwustrefowa"", ""Tempomat adaptacyjny ACC""]",C-HR_Style
https://www.otomoto.pl/osobowe/oferta/toyota-camry-ID6Bq3y4.html,Camry,Srebrny,4.0,5.0,2023,Hybryda,24873.0,218.0,Sedan,Automatyczna,Na przednie koła,109500.0,Używany,Tak,,218.0,,153800,Autoryzowany Dealer,"[""Skórzana tapicerka"", ""Podgrzewane fotele"", ""System nawigacji satelitarnej"", ""Czujnik deszczu""]",Camry_Executive
https://www.otomoto.pl/osobowe/oferta/toyota-avensis-ID6Cr7z1.html,Avensis,Szary,4.0,5.0,2016,Benzyna,17983.0,147.0,Sedan,Manualna,Na przednie koła,183200.0,Używany,Tak,,,,60200,Osoba prywatna,"[""Radio"", ""Klimatyzacja manualna"", ""Elektryczne szyby przednie"", ""ABS"", ""ESP""]",Avensis_Premium
https://www.otomoto.pl/osobowe/oferta/toyota-land-cruiser-ID6Ds1b9.html,Land Cruiser,Szary,5.0,5.0,2019,Diesel,27553.0,177.0,SUV,Automatyczna,4x4 (stały),61900.0,Używany,Tak,,,,201500,Firma,"[""Kamera panoramiczna 360"", ""Hak"", ""Blokada mechanizmu różnicowego"", ""Skórzana kierownica""]",Land Cruiser_Executive
https://www.otomoto.pl/osobowe/oferta/toyota-corolla-ID6Et5c6.html,Corolla,Biały,5.0,5.0,2022,Hybryda,17983.0,122.0,Kombi,Automatyczna,Na przednie koła,36400.0,Używany,Tak,72.0,122.0,1.0,95900,Firma,"[""Apple CarPlay"", ""Android Auto"", ""Interfejs Bluetooth"", ""Klimatyzacja automatyczna"", ""Kierownica skórzana""]",Corolla_Comfort
https://www.otomoto.pl/osobowe/oferta/toyota-c-hr-ID6Fu8d3.html,C-HR,Czerwony,5.0,5.0,2024,Hybryda,17983.0,140.0,SUV,Automatyczna,Na przednie koła,83500.0,Używany,Tak,95.0,140.0,1.0,120800,Autoryzowany Dealer,"[""Kamera parkowania tył"", ""Klimatyzacja automatyczna: dwustrefowa"", ""Tempomat adaptacyjny ACC""]",C-HR_Style
https://www.otomoto.pl/osobowe/oferta/toyota-camry-ID6Gv2f8.html,Camry,Brązowy,4.0,5.0,2023,Hybryda,24873.0,218.0,Sedan,Automatyczna,Na przednie koła,73200.0,Używany,Tak,,218.0,,115200,Autoryzowany Dealer,"[""Skórzana tapicerka"", ""Podgrzewane fotele"", ""System nawigacji satelitarnej"", ""Czujnik deszczu""]",Camry_Executive
https://www.otomoto.pl/osobowe/oferta/toyota-avensis-ID6Hw6g5.html,Avensis,Czerwony,4.0,5.0,2016,Benzyna,17983.0,147.0,Sedan,Manualna,Na przednie koła,117900.0,Używany,Tak,,,,59700,Osoba prywatna,"[""Radio"", ""Klimatyzacja manualna"", ""Elektryczne szyby przednie"", ""ABS"", ""ESP""]",Avensis_Premium
https://www.otomoto.pl/osobowe/oferta/toyota-land-cruiser-ID6Ix9h2.html,Land Cruiser,Biały,5.0,5.0,2019,Diesel,27553.0,177.0,SUV,Automatyczna,4x4 (stały),49800.0,Używany,Tak,,,,199200,Firma,"[""Kamera panoramiczna 360"", ""Hak"", ""Blokada mechanizmu różnicowego"", ""Skórzana kierownica""]",Land Cruiser_Executive
